公開予定日	No	ブランド	記事タイトル	メインKW	優先度	ファイルNo
2026-03-31	138	セイコー	セイコー ロードマーベル Cal.別解説｜Cal.290/395/5740の違いと選び方	セイコー ロードマーベル Cal.別解説	18	138
2026-03-31	060	ロレックス	ロレックス エクスプローラー Ref.1016 解説 ― Cal.1560・1570とダイヤルバリエーションの変遷	ロレックス エクスプローラー Ref.1016 解説	17	060
2026-03-31	241	オメガ	オメガ シーマスター ダイバーズ エスケープバルブ付きとなしの違い｜プロフェッショナル仕様の見分け方を解説	オメガ シーマスター ダイバーズ エスケープバルブ付きとなしの違い	17	241
2026-03-31	150	セイコー	セイコーマチック全解説｜セルフデーター・ウィークデーターの違いとセイコー5の原点	セイコーマチック全解説	16	150
2026-04-01	367	ロレックス	ロレックス エアキング Ref.5500 Cal.1520 ヴィンテージ解説	ロレックス エアキング Ref.5500 Cal.1520	17	367
2026-04-01	308	オメガ	オメガ「ジュネーブ」とジュネーブシールの違いを解説	オメガ「ジュネーブ」とジュネーブシールの違いを解説	17	308
2026-04-01	155	セイコー	セイコー ダイバーズ 2ndモデル（植村ダイバー）解説｜前期型・後期型の違いと選び方	セイコー ダイバーズ 2ndモデル（植村ダイバー）解説	16	155
2026-04-01	033	ロレックス	ロレックス デイデイト解説｜「大統領の時計」の歴史とRef.別解説	ロレックス デイデイト解説	15	033
2026-04-02	216	オメガ	オメガ Cal.564・Cal.565の魅力｜1960年代クロノメーター自動巻きの最高峰を解説	オメガ Cal.564・Cal.565の魅力	16	216
2026-04-02	156	セイコー	セイコー ダイバーズ 3rdモデル解説｜6306/6309の違いと選び方	セイコー ダイバーズ 3rdモデル解説	16	156
2026-04-02	054	ロレックス	ロレックス スピードキング解説｜手巻きロレックスの入門機	ロレックス スピードキング解説	15	054
2026-04-02	224	オメガ	1950年代オメガの名作まとめ｜Cal.354・Cal.501搭載モデルの魅力を解説	1950年代オメガの名作まとめ	16	224
2026-04-03	366	セイコー	セイコー vs グランドセイコー ヴィンテージ入門対決	セイコー vs グランドセイコー ヴィンテージ入門対決	16	366
2026-04-03	057	ロレックス	ロレックス デイトジャスト Ref.1601・1603 解説｜1960〜70年代ヴィンテージの魅力	ロレックス デイトジャスト Ref.1601・1603 解説	15	057
2026-04-03	228	オメガ	オメガ フライトマスター Cal.910/911 パイロットウォッチ解説	オメガ フライトマスター Cal.910/911 パイロットウォッチ解説	16	228
2026-04-03	109	チューダー	チューダー 薔薇サブ解説｜デカバラ・小バラの違い、Ref.7928の実像と選び方	チューダー 薔薇サブ解説	15	109
2026-04-06	058	ロレックス	ロレックス GMTマスター Ref.1675 ペプシ・コーク解説	ロレックス GMTマスター Ref.1675 ペプシ・コーク解説	15	058
2026-04-06	229	オメガ	オメガ クロノストップ Cal.865/920 1960年代解説	オメガ クロノストップ Cal.865/920 1960年代解説	16	229
2026-04-06	139	セイコー	セイコー ロードマチック全モデル解説｜5606/5601/5605 Cal.別の特徴	セイコー ロードマチック全モデル解説	15	139
2026-04-06	059	ロレックス	ロレックス サブマリーナ Ref.6204・6536・6538 初期型解説	ロレックス サブマリーナ Ref.6204・6536・6538 初期型解説	15	059
2026-04-07	235	オメガ	オメガ コンステレーション パイケース（12角）解説｜Cal.561・564搭載の最高峰ドレスウォッチ	オメガ コンステレーション パイケース（12角）解説	16	235
2026-04-07	145	セイコー	セイコー 5スポーツ スピードタイマー解説｜Cal.6139/6138/7017とブルヘッド・UFO・角目の世界	セイコー 5スポーツ スピードタイマー解説	15	145
2026-04-07	061	ロレックス	ロレックス サブマリーナ Cal.1530・1520・1570の違い	ロレックス サブマリーナ Cal.1530・1520・1570の違い	15	061
2026-04-07	300	オメガ	オメガ コンステレーション トロピカルダイヤル｜Cal.504・564搭載モデル解説	オメガ コンステレーション トロピカルダイヤル	16	300
2026-04-08	154	セイコー	セイコー手巻きクロノグラフの世界｜Cal.5717搭載・国産初のクロノグラフを解説	セイコー手巻きクロノグラフの世界	15	154
2026-04-08	065	ロレックス	ロレックス デイトジャスト Ref.1600系 文字盤バリエーション解説	ロレックス デイトジャスト Ref.1600系 文字盤バリエーション解説	15	065
2026-04-08	301	オメガ	オメガ シーマスター 1956年製 第1世代｜Cal.501搭載モデル解説	オメガ シーマスター 1956年製 第1世代	16	301
2026-04-08	157	セイコー	グランドセイコー 初代（Cal.3180）1960年〜 解説	グランドセイコー 初代（Cal.3180）1960年〜 解説	15	157
2026-04-09	251	テーマ記事	コラムホイール式クロノグラフとは？カム式との違い	コラムホイール式クロノグラフとは？カム式との違い	15	251
2026-04-09	302	オメガ	オメガ Cal.268・Cal.265 手巻きムーブメント解説	オメガ Cal.268・Cal.265 手巻きムーブメント解説	16	302
2026-04-09	162	セイコー	グランドセイコー スポーツモデル GSスペシャル Ref.6156-8010 Cal.6156A 解説	グランドセイコー スポーツモデル GSスペシャル Ref.6156-8010	15	162
2026-04-09	263	ロレックス	ロレックス サブマリーナ 14060・114060 ノンデイト解説	ロレックス サブマリーナ 14060・114060 ノンデイト解説	15	263
2026-04-10	306	オメガ	オメガ Cal.1012・1022系 自動巻き 1970年代解説	オメガ Cal.1012・1022系 自動巻き 1970年代解説	16	306
2026-04-10	163	セイコー	キングセイコー 45KS Cal.4502・4500 解説｜ハイビート手巻きの後期型モデル	キングセイコー 45KS Cal.4502・4500 解説	15	163
2026-04-10	266	ロレックス	ロレックス デイトジャスト Cal.1570・3035・3135の違い	ロレックス デイトジャスト Cal.1570・3035・3135の違い	15	266
2026-04-10	307	オメガ	オメガ 手巻きCal.266・267 薄型ドレスウォッチ解説	オメガ 手巻きCal.266・267 薄型ドレスウォッチ解説	16	307
2026-04-13	164	セイコー	キングセイコー 56KS Cal.5626A/5625A ヴィンテージ解説｜ワンピースケースとクロノメーターの実力	キングセイコー 56KS Cal.5626A/5625A ヴィンテージ解説	15	164
2026-04-13	273	ロレックス	ロレックス オイスターケースとは？1926年の革新から現代までの進化	ロレックス オイスターケースとは？1926年の革新から現代までの進化	15	273
2026-04-13	375	オメガ	オメガ Cal.330系バンパー式自動巻き 1940-50年代解説	オメガ Cal.330系バンパー式自動巻き 1940-50年代解説	16	375
2026-04-13	257	セイコー	セイコー ベルマチック Cal.4006A アラーム付き自動巻き解説	セイコー ベルマチック Cal.4006A アラーム付き自動巻き解説	15	257
2026-04-14	291	ロレックス	ロレックス ミルガウス Ref.6541・1019 解説	ロレックス ミルガウス Ref.6541・1019 解説	15	291
2026-04-14	204	オメガ	オメガ スピードマスター マークII・125｜希少バリエーションの魅力と価値を解説	オメガ スピードマスター マークII・125	14	204
2026-04-14	346	セイコー	セイコー ファースト（初代クロノグラフ）Cal.6138・6139 解説	セイコー ファースト（初代クロノグラフ）Cal.6138・6139 解説	15	346
2026-04-14	354	ロレックス	ロレックス デイトジャスト Ref.16014・16234 ホワイトゴールドベゼル解説	ロレックス デイトジャスト Ref.16014・16234 ホワイトゴールドベゼル解説	15	354
2026-04-15	208	オメガ	ヴィンテージ オメガ コンステレーション 解説｜Cライン・パイ盤・12角の魅力を解説	ヴィンテージ オメガ コンステレーション 解説	14	208
2026-04-15	360	セイコー	セイコー ビジネスウォッチ Cal.2220 薄型手巻き解説 シャリオ（Chariot）1970年代	セイコー ビジネスウォッチ Cal.2220 薄型手巻き解説	15	360
2026-04-15	368	ロレックス	ロレックス シグマダイヤル（Σ表記）とは？文字盤の年代判定	ロレックス シグマダイヤル（Σ表記）とは？文字盤の年代判定	15	368
2026-04-15	215	オメガ	オメガ 30mmキャリバーの世界｜1940-50年代の傑作手巻きムーブメントを解説	オメガ 30mmキャリバーの世界	14	215
2026-04-16	365	セイコー	セイコー セルフデーター Cal.2020 スクエアケース解説	セイコー セルフデーター Cal.2020 スクエアケース解説	15	365
2026-04-16	393	ロレックス	ロレックス オイスターパーペチュアル Ref.1002・オイスターデイト Ref.6694 解説	ロレックス オイスターパーペチュアル Ref.1002・オイスターデイト Ref.6694	15	393
2026-04-16	226	オメガ	オメガ レイルマスター CK2914 1950年代耐磁時計解説	オメガ レイルマスター CK2914 1950年代耐磁時計解説	14	226
2026-04-16	408	セイコー	セイコー プレスマチック Cal.5106/5146 ハイビート薄型自動巻き解説	セイコー プレスマチック Cal.5106/5146 ハイビート薄型自動巻き解説	15	408
2026-04-17	395	ロレックス	ロレックス プリンス｜1928年誕生「ドクターズウォッチ」の長方形ケースを解説	ロレックス プリンス	15	395
2026-04-17	227	オメガ	オメガ ダイナミックとは？｜1960-70年代の革新的デザインウォッチを解説	オメガ ダイナミックとは？	14	227
2026-04-17	314	チューダー	チューダー オイスター Ref.7984 Cal.1156 解説	チューダー オイスター Ref.7984 Cal.1156 解説	14	314
2026-04-17	396	ロレックス	ロレックス ヴィンテージ入門｜最初の1本の選び方	ロレックス ヴィンテージ入門	15	396
2026-04-20	231	オメガ	オメガ シーマスター プレボンド解説｜1980年代ジェンタデザインの魅力を解説	オメガ シーマスター プレボンド解説	14	231
2026-04-20	315	チューダー	チューダー オイスタープリンス Cal.2284・2291 1960〜70年代解説	チューダー オイスタープリンス Cal.2284・2291 1960〜70年代解説	14	315
2026-04-20	056	ロレックス	オイスターデイト vs オイスターパーペチュアルデイト｜ロレックスの似て非なる2モデル	オイスターデイト vs オイスターパーペチュアルデイト	13	056
2026-04-20	233	オメガ	オメガ スピードマスター 4thモデル ST145.012 解説	オメガ スピードマスター 4thモデル ST145.012 解説	14	233
2026-04-21	324	チューダー	チューダー オイスターデイト Ref.7966 Cal.2462・Cal.2484 解説	チューダー オイスターデイト Ref.7966 Cal.2462・Cal.2484	14	324
2026-04-21	070	ロレックス	ロレックス vs チューダー ヴィンテージ比較	ロレックス vs チューダー ヴィンテージ比較	13	070
2026-04-21	234	オメガ	オメガ シーマスター 300 解説｜1950〜60年代ダイバーズウォッチの進化を解説	オメガ シーマスター 300 解説	14	234
2026-04-21	158	セイコー	グランドセイコー 44GS・45GS 解説｜セイコースタイルを確立した名機の魅力	グランドセイコー 44GS・45GS 解説	13	158
2026-04-22	242	IWC	IWC ペラトン式自動巻きとは？｜Cal.8531/8541の技術・搭載モデル・選び方を解説	IWC ペラトン式自動巻きとは？	13	242
2026-04-22	236	オメガ	オメガ スピードマスター ブロードアローとは？初代ハンドの特徴と変遷	オメガ スピードマスター ブロードアローとは？初代ハンドの特徴と変遷	14	236
2026-04-22	260	ロレックス	ロレックス サブマリーナ ノンデイトとデイト付きの違い	ロレックス サブマリーナ ノンデイトとデイト付きの違い	13	260
2026-04-22	246	IWC	IWC Cal.89の世界｜「オールドインター」手巻きの名機を搭載モデル別に解説	IWC Cal.89の世界	13	246
2026-04-23	237	オメガ	オメガ デ・ヴィル解説｜シーマスター デ・ヴィルから独立コレクションへの変遷	オメガ デ・ヴィル解説	14	237
2026-04-23	267	ロレックス	ロレックス サービスダイヤルとオリジナルダイヤルの違い	ロレックス サービスダイヤルとオリジナルダイヤルの違い	13	267
2026-04-23	279	セイコー	キングセイコー プロダクション 1961〜1975 全モデル概覧	キングセイコー プロダクション 1961〜1975 全モデル概覧	13	279
2026-04-23	238	オメガ	オメガ コンステレーション Cライン解説｜ジェラルド・ジェンタが生んだ1960〜70年代の名作	オメガ コンステレーション Cライン解説	14	238
2026-04-24	280	ロレックス	ロレックス デイトジャスト 36mm vs 41mm どちらを選ぶか	ロレックス デイトジャスト 36mm vs 41mm どちらを選ぶか	13	280
2026-04-24	293	セイコー	グランドセイコー セイコースタイルとは？デザイン変革の歴史	グランドセイコー セイコースタイルとは？デザイン変革の歴史	13	293
2026-04-24	299	オメガ	オメガ シーマスター コスミック 1960年代 スクエアケース解説	オメガ シーマスター コスミック 1960年代	14	299
2026-04-24	281	ロレックス	ロレックス デイトジャスト フルーテッドベゼル vs スムースベゼル	ロレックス デイトジャスト フルーテッドベゼル vs スムースベゼル	13	281
2026-04-27	297	セイコー	キングセイコー クロノグラフ Ref.5718 解説	キングセイコー クロノグラフ Ref.5718 解説	13	297
2026-04-27	304	オメガ	オメガ ヴィンテージ入門｜最初の1本の選び方	オメガ ヴィンテージ入門	14	304
2026-04-27	289	ロレックス	ロレックス デイトジャスト ジュビリーブレスvsオイスターブレス	ロレックス デイトジャスト ジュビリーブレスvsオイスターブレス	13	289
2026-04-27	318	IWC	IWC ポルトギーゼ ヴィンテージ｜Cal.98・Cal.97搭載モデル解説	IWC ポルトギーゼ ヴィンテージ	13	318
2026-04-28	305	オメガ	オメガ シーマスター ヴィンテージ 1960年代解説：アクアテラの源流	オメガ シーマスター ヴィンテージ 1960年代解説：アクアテラの源流	14	305
2026-04-28	337	セイコー	セイコー アルピニスト ヴィンテージ 1960年代 解説｜チャンピオン850の系譜と山岳モデルの設計思想	セイコー アルピニスト ヴィンテージ 1960年代 解説	13	337
2026-04-28	320	IWC	IWC インヂュニア Ref.866 Cal.854｜1960〜70年代解説	IWC インヂュニア Ref.866 Cal.854	13	320
2026-04-28	321	オメガ	オメガ シームレスブレスレット 年代別見分け方解説	オメガ シームレスブレスレット 年代別見分け方解説	14	321
2026-04-29	355	ロレックス	ロレックス ヴィンテージ SS vs ゴールド どちらを選ぶか	ロレックス ヴィンテージ SS vs ゴールド どちらを選ぶか	13	355
2026-04-29	002	ロンジン	ロンジン フラッグシップ Cal.30L・341 解説｜1960年代の名機を搭載したドレスウォッチ	ロンジン フラッグシップ Cal.30L・341 解説	12	002
2026-04-29	102	テーマ記事	トロピカルダイヤルとは？ヴィンテージ時計の経年変化が生む唯一無二の魅力	トロピカルダイヤルとは？ヴィンテージ時計の経年変化が生む唯一無二の魅力	12	102
2026-04-29	067	ロレックス	ロレックス Cal.1030の特徴とオーバーホール｜バタフライローター搭載の自動巻きムーブメント	ロレックス Cal.1030の特徴とオーバーホール	12	067
2026-04-30	006	ロンジン	ロンジン Cal.30L・30Z 手巻きムーブメント ヴィンテージ解説	ロンジン Cal.30L・30Z 手巻きムーブメント ヴィンテージ解説	12	006
2026-04-30	161	ジャガー・ルクルト	ジャガー・ルクルト Cal.K1071・K1072 解説｜ヴァシュロンやAPにも供給された名機の魅力	ジャガー・ルクルト Cal.K1071・K1072 解説	12	161
2026-04-30	252	テーマ記事	ギルトダイヤル（金色文字盤）とは？1960〜70年代ヴィンテージの特徴	ギルトダイヤル（金色文字盤）とは？1960〜70年代ヴィンテージの特徴	12	252
2026-04-30	008	ロンジン	ロンジン ヴィンテージ キャリバー一覧｜1940〜80年代の名機を解説	ロンジン ヴィンテージ キャリバー一覧	12	008
2026-05-01	167	ジャガー・ルクルト	ジャガー・ルクルト ヴィンテージ キャリバー一覧｜1940〜80年代の主要Cal.を解説	ジャガー・ルクルト ヴィンテージ キャリバー一覧	12	167
2026-05-01	256	テーマ記事	ヴィンテージ時計 保管・日常メンテナンス解説	ヴィンテージ時計 保管・日常メンテナンス解説	12	256
2026-05-01	269	ロレックス	ロレックス 1960〜70年代キャリバー一覧表――1500系から3035への系譜	ロレックス 1960〜70年代キャリバー一覧表	12	269
2026-05-01	310	チューダー	チューダー サブマリーナ Ref.7928・7016｜ロレックスベースの歴史と解説	チューダー サブマリーナ Ref.7928・7016	12	310
2026-05-04	274	テーマ記事	マイクロローターとは？ポールルーター・パテックの小型自動巻き	マイクロローターとは？ポールルーター・パテックの小型自動巻き	12	274
2026-05-04	292	ロレックス	ロレックス Cal.1210 クロノグラフの歴史	ロレックス Cal.1210 クロノグラフの歴史	12	292
2026-05-04	313	チューダー	チューダー クロノグラフ Ref.7031・7032 Monte-Carlo 解説	チューダー クロノグラフ Ref.7031・7032 Monte-Carlo	12	313
2026-05-04	282	テーマ記事	ヴィンテージ時計の石数（宝石）とは？17石・21石の意味	ヴィンテージ時計の石数（宝石）とは？17石・21石の意味	12	282
2026-05-05	322	オメガ	オメガ vs ロンジン ヴィンテージ同時代比較	オメガ vs ロンジン ヴィンテージ同時代比較	12	322
2026-05-05	316	チューダー	チューダー ヴィンテージ入門｜最初の1本の選び方	チューダー ヴィンテージ入門	12	316
2026-05-05	283	テーマ記事	ヴィンテージ時計のデフレクタ（偏心カム）カレンダー機構解説	ヴィンテージ時計のデフレクタ（偏心カム）カレンダー機構解説	12	283
2026-05-05	340	ジャガー・ルクルト	ジャガー・ルクルト Cal.478・480系 手巻きキャリバー解説｜1940年代の実用ムーブメントを読む	ジャガー・ルクルト Cal.478・480系 手巻きキャリバー解説	12	340
2026-05-06	325	チューダー	チューダー プリンスオイスターデイト スクエアケース 1960〜70年代解説	チューダー プリンスオイスターデイト スクエアケース 1960〜70年代解説	12	325
2026-05-06	287	テーマ記事	ヴィンテージ時計のケース素材 SS・GF・金無垢 解説	ヴィンテージ時計のケース素材 SS・GF・金無垢 解説	12	287
2026-05-06	356	ロンジン	ロンジン ウイットナー Cal.30L スモールセコンド解説	ロンジン ウイットナー Cal.30L スモールセコンド解説	12	356
2026-05-06	064	ブライトリング	ブライトリング ナビタイマー Ref.806 解説｜1960年代パイロットウォッチの名機	ブライトリング ナビタイマー Ref.806 解説	11	064
2026-05-07	288	テーマ記事	ヴィンテージ時計のベゼル素材と種類 アルミ・サファイア・セラミック解説	ヴィンテージ時計のベゼル素材と種類 アルミ・サファイア・セラミック解説	12	288
2026-05-07	165	セイコー	キングセイコー vs グランドセイコー 比較｜諏訪と亀戸、二つの頂点を知る	キングセイコー vs グランドセイコー 比較	11	165
2026-05-07	066	ブライトリング	ブライトリング コスモノート Ref.809 解説｜24時間表示のナビゲーションクロノグラフ	ブライトリング コスモノート Ref.809 解説	11	066
2026-05-07	405	テーマ記事	バンパー式自動巻きとは？振るとコツンという機構の仕組み	バンパー式自動巻きとは？振るとコツンという機構の仕組み	12	405
2026-05-08	181	カルティエ	カルティエ タンク（ルイカルティエ）ヴィンテージ解説｜タンクルイからマストタンクまで	カルティエ タンク（ルイカルティエ）ヴィンテージ解説	11	181
2026-05-08	230	オメガ	オメガ シーマスター メモマチック Cal.980 アラーム付きダイバー	オメガ シーマスター メモマチック Cal.980	11	230
2026-05-08	407	テーマ記事	ヴィンテージ時計 予算帯別おすすめモデル解説｜エントリーからハイエンドまで	ヴィンテージ時計 予算帯別おすすめモデル解説	12	407
2026-05-08	182	カルティエ	カルティエ サントス オクタゴン解説｜八角形ベゼルの生産終了モデルを知る	カルティエ サントス オクタゴン解説	11	182
2026-05-11	245	IWC	IWC ラウンドケース 1960-70年代｜デザイン・キャリバー・素材を解説	IWC ラウンドケース 1960-70年代	11	245
2026-05-11	265	オメガ	オメガ スピードマスター Cal.1040・1045 自動巻きクロノグラフの系譜	オメガ スピードマスター Cal.1040・1045 自動巻きクロノグラフの系譜	11	265
2026-05-11	189	カルティエ	カルティエ ヴィンテージ入門｜初めてのスクエアウォッチ選び	カルティエ ヴィンテージ入門	11	189
2026-05-11	247	IWC	IWC ダ・ヴィンチ Ref.3728 1980年代クロノグラフ解説	IWC ダ・ヴィンチ Ref.3728 1980年代クロノグラフ解説	11	247
2026-05-12	295	セイコー	キングセイコー ケーシング別（SS/GF）比較と見分け方	キングセイコー ケーシング別（SS/GF）比較と見分け方	11	295
2026-05-12	190	カルティエ	カルティエ ヴィンテージのダイヤルバリエーション解説｜トリニティ・ラピスブルー・ボルドー・ゴースト	カルティエ ヴィンテージのダイヤルバリエーション解説	11	190
2026-05-12	248	IWC	IWC オーシャン2000 Ref.3500 チタンダイバーズウォッチ解説	IWC オーシャン2000 Ref.3500 チタンダイバーズウォッチ解説	11	248
2026-05-12	303	オメガ	オメガ ヴィンテージ 1950〜70年代 キャリバー一覧表	オメガ ヴィンテージ 1950〜70年代 キャリバー一覧表	11	303
2026-05-13	192	カルティエ	カルティエ サントス ガルベ 1990年代自動巻きモデル解説	カルティエ サントス ガルベ 1990年代自動巻きモデル解説	11	192
2026-05-13	250	IWC	IWC アクアタイマー Ref.812AD 1960年代ダイバーズ解説	IWC アクアタイマー Ref.812AD 1960年代ダイバーズ解説	11	250
2026-05-13	394	ブライトリング	ブライトリング ナビタイマー Cal.Venus178 vs Cal.11 ムーブメント比較	ブライトリング ナビタイマー Cal.Venus178 vs	11	394
2026-05-13	193	カルティエ	カルティエ パンテール 1980年代ラグジュアリースポーツ解説	カルティエ パンテール 1980年代ラグジュアリースポーツ解説	11	193
2026-05-14	319	IWC	IWC マーク11（Mk.XI）英国軍用時計 解説	IWC マーク11（Mk.XI）英国軍用時計 解説	11	319
2026-05-14	003	ロンジン	ロンジン ウルトラクロンとは？｜アポロ計画最終選定に残った10振動ハイビートの実力	ロンジン ウルトラクロンとは？	10	003
2026-05-14	350	カルティエ	カルティエ パシャ・ドゥ・カルティエ 初代解説	カルティエ パシャ・ドゥ・カルティエ 初代解説	11	350
2026-05-14	329	IWC	IWC ポルトフィーノ 初代モデル解説 ── 1980年代に生まれたドレスウォッチの原点	IWC ポルトフィーノ 初代モデル解説 ──	11	329
2026-05-15	007	ロンジン	ロンジン ウィームス・リンドバーグ 解説｜航空時計の原点を読み解く	ロンジン ウィームス・リンドバーグ 解説	10	007
2026-05-15	363	カルティエ	カルティエ ロンド（サントス ロンド）ヴィンテージ解説｜丸型ケースのサントス派生モデル	カルティエ ロンド（サントス ロンド）ヴィンテージ解説	11	363
2026-05-15	332	IWC	IWC ヴィンテージ入門｜ポルトギーゼから始める理由	IWC ヴィンテージ入門	11	332
2026-05-15	055	ロレックス	1940〜50年代ロレックスの世界｜バブルバックからオイスターパーペチュアルへ	1940〜50年代ロレックスの世界	10	055
2026-05-18	364	カルティエ	カルティエ バロン・ブルー初代 解説	カルティエ バロン・ブルー初代 解説	11	364
2026-05-18	088	テーマ記事	手元の時計の文字盤はオリジナル？リダン？——その違いが分かると時計の見方が変わる	手元の時計の文字盤はオリジナル？リダン？	10	088
2026-05-18	062	ロレックス	ロレックス GMTマスター Ref.6542 -- 初代GMTマスターとベークライトベゼルの真実	ロレックス GMTマスター Ref.6542 --	10	062
2026-05-18	159	セイコー	グランドセイコー 56GS Cal.5641・5645・5646 中期型ガイド	グランドセイコー 56GS Cal.5641・5645・5646 中期型ガイド	10	159
2026-05-19	168	ジャガー・ルクルト	ジャガー・ルクルト ヴィンテージ入門｜なぜJLCを選ぶのか	ジャガー・ルクルト ヴィンテージ入門	10	168
2026-05-19	063	ロレックス	ロレックス エクスプローラー I 初代Ref.6098・6150・6350 ― エベレストとともに生まれた「冒険家の時計」の原点	ロレックス エクスプローラー I 初代Ref.6098・6150・6350	10	063
2026-05-19	270	セイコー	グランドセイコー Cal.番号 年代対応表 1960〜1980年代	グランドセイコー Cal.番号 年代対応表 1960〜1980年代	10	270
2026-05-19	275	テーマ記事	ETA vs レマニア vs バルジュー ヴィンテージクロノグラフCal比較	ETA vs レマニア vs	10	275
2026-05-20	071	ロレックス	ロレックス トロピカルダイヤル 各モデル実例集	ロレックス トロピカルダイヤル 各モデル実例集	10	071
2026-05-20	272	セイコー	セイコー 5アクタス Cal.6119・7019系 1970年代	セイコー 5アクタス Cal.6119・7019系 1970年代	10	272
2026-05-20	285	テーマ記事	ヴィンテージ時計の防水構造：スクリューバック vs プッシュバック	ヴィンテージ時計の防水構造：スクリューバック vs プッシュバック	10	285
2026-05-20	072	ロレックス	ロレックス アンティーク（〜1960年代）の魅力と選び方	ロレックス アンティーク（〜1960年代）の魅力と選び方	10	072
2026-05-21	311	チューダー	チューダー vs ロレックス サブマリーナ ヴィンテージ比較	チューダー vs ロレックス サブマリーナ ヴィンテージ比較	10	311
2026-05-21	334	ロンジン	ロンジン ヴィンテージ入門｜スイス実用時計の真髄	ロンジン ヴィンテージ入門	10	334
2026-05-21	261	ロレックス	ロレックス サブマリーナ ブレスレット 1960〜70年代の見分け方	ロレックス サブマリーナ ブレスレット 1960〜70年代の見分け方	10	261
2026-05-21	312	チューダー	チューダー ホームプレートロゴ vs バラロゴ｜年代判定ガイド	チューダー ホームプレートロゴ vs バラロゴ	10	312
2026-05-22	335	テーマ記事	ロレックス・オメガ・グランドセイコー 1960年代三つ巴比較	ロレックス・オメガ・グランドセイコー 1960年代三つ巴比較	10	335
2026-05-22	262	ロレックス	ロレックス サブマリーナ 文字盤バリエーション総まとめ	ロレックス サブマリーナ 文字盤バリエーション総まとめ	10	262
2026-05-22	336	セイコー	セイコー ジョイントポイント Cal.5246・6246 スポーツライン	セイコー ジョイントポイント Cal.5246・6246 スポーツライン	10	336
2026-05-22	338	ジャガー・ルクルト	ジャガー・ルクルト ディープシー ヴィンテージ解説｜スーパーコンプレッサーケースの本格ダイバーズ	ジャガー・ルクルト ディープシー ヴィンテージ解説	10	338
2026-05-25	268	ロレックス	ロレックス ブレスレット番号・エンドリンクの年代判定	ロレックス ブレスレット番号・エンドリンクの年代判定	10	268
2026-05-25	343	ユニバーサル・ジュネーブ	ユニバーサル・ジュネーブ コンパックス Cal.287 解説	ユニバーサル・ジュネーブ コンパックス Cal.287 解説	10	343
2026-05-25	344	テーマ記事	パイロットウォッチ比較：IWC・ブライトリング・ユニバーサル・ジュネーブ	パイロットウォッチ比較：IWC・ブライトリング・ユニバーサル・ジュネーブ	10	344
2026-05-25	290	ロレックス	ロレックス ジュビリーブレスの歴史と年代別見分け方	ロレックス ジュビリーブレスの歴史と年代別見分け方	10	290
2026-05-26	347	セイコー	セイコー ヴィンテージ 1960〜70年代 Cal.番号一覧表	セイコー ヴィンテージ 1960〜70年代 Cal.番号一覧表	10	347
2026-05-26	348	テーマ記事	スクエアケース ヴィンテージ比較：カルティエ・オメガ・セイコー	スクエアケース ヴィンテージ比較：カルティエ・オメガ・セイコー	10	348
2026-05-26	352	ユニバーサル・ジュネーブ	ユニバーサル・ジュネーブ ユニマチック Cal.215 解説	ユニバーサル・ジュネーブ ユニマチック Cal.215 解説	10	352
2026-05-26	362	ロレックス	ロレックス ヴィンテージの箱・保証書 コレクション術	ロレックス ヴィンテージの箱・保証書 コレクション術	10	362
2026-05-27	349	テーマ記事	軍用（ミリタリー）時計 IWC・ロレックス・チューダー実例比較	軍用（ミリタリー）時計 IWC・ロレックス・チューダー実例比較	10	349
2026-05-27	397	ジャガー・ルクルト	ジャガー・ルクルト マスターマリーナ｜1950〜60年代の防水自動巻きモデルを解説	ジャガー・ルクルト マスターマリーナ	10	397
2026-05-27	399	セイコー	グランドセイコー 61GS Cal.6145・6146 ハイビート自動巻きの始まり	グランドセイコー 61GS Cal.6145・6146 ハイビート自動巻きの始まり	10	399
2026-05-27	114	チューダー	チューダー モデル別Cal一覧 1950〜80年代	チューダー モデル別Cal一覧 1950〜80年代	9	114
2026-05-28	400	ジャガー・ルクルト	ルクルト（JLC）トリプルカレンダー｜1950年代の複雑時計を解説	ルクルト（JLC）トリプルカレンダー	10	400
2026-05-28	175	シチズン	シチズン クロノマスター解説｜鷲メダリオンの高精度フラッグシップから500mダイバーまで	シチズン クロノマスター解説	9	175
2026-05-28	232	オメガ	オメガ スピードマスター 初期4世代の変遷｜CK2915からST145.012まで	オメガ スピードマスター 初期4世代の変遷	9	232
2026-05-28	276	テーマ記事	ヴィンテージ時計 パワーリザーブの歴史とCal一覧	ヴィンテージ時計 パワーリザーブの歴史とCal一覧	9	276
2026-05-29	177	シチズン	シチズン アラームウォッチの魅力｜JLCフェイスの初期型からダイバーモデルまで解説	シチズン アラームウォッチの魅力	9	177
2026-05-29	239	オメガ	オメガ コンステレーション クロノメーターの証「天文台」マーク｜裏蓋メダリオンと精度認定の意味	オメガ コンステレーション クロノメーターの証「天文台」マーク	9	239
2026-05-29	278	テーマ記事	ヴィンテージ時計のブレスレット 年代別一覧（1950〜80年代）	ヴィンテージ時計のブレスレット 年代別一覧（1950〜80年代）	9	278
2026-05-29	178	シチズン	シチズン クリスタルセブン・レオパード解説｜カットガラスとカラーダイヤルの国産自動巻き	シチズン クリスタルセブン・レオパード解説	9	178
2026-06-01	240	オメガ	オメガ スピードマスター ヴィンテージブレスレットの種類と年代	オメガ スピードマスター ヴィンテージブレスレットの種類と年代	9	240
2026-06-01	326	チューダー	チューダー スポーツプリンス Cal.2484 1970年代の特徴と変遷	チューダー スポーツプリンス Cal.2484 1970年代の特徴と変遷	9	326
2026-06-01	179	シチズン	シチズン エース・ジェットの世界｜企業特注モデルからジェットローターまで解説	シチズン エース・ジェットの世界	9	179
2026-06-01	264	オメガ	オメガ スピードマスター トロピカルダイヤル 実例と価値	オメガ スピードマスター トロピカルダイヤル 実例と価値	9	264
2026-06-02	401	ヴァシュロン・コンスタンタン	ヴァシュロン・コンスタンタン 222とは？｜ジェンタが手がけたラグスポの隠れた名作	ヴァシュロン・コンスタンタン 222とは？	9	401
2026-06-02	406	IWC	IWC ポートフィノ vs ポルトギーゼ ヴィンテージ比較	IWC ポートフィノ vs ポルトギーゼ ヴィンテージ比較	9	406
2026-06-02	309	オメガ	オメガ アンティーク 1940〜50年代の魅力	オメガ アンティーク 1940〜50年代の魅力	9	309
2026-06-02	402	ヴァシュロン・コンスタンタン	ヴァシュロン・コンスタンタン ヴィンテージ解説｜世界最古の時計メーカーの名品を解説	ヴァシュロン・コンスタンタン ヴィンテージ解説	9	402
2026-06-03	151	セイコー	セイコー懐中時計・鉄道時計の歴史｜19セイコーと国鉄納入モデルの魅力	セイコー懐中時計・鉄道時計の歴史	8	151
2026-06-03	323	オメガ	オメガ スクエアケース ヴィンテージ まとめ	オメガ スクエアケース ヴィンテージ まとめ	9	323
2026-06-03	185	カルティエ	カルティエとCal.78-1｜タンクやオーガニックウッドに搭載された手巻きムーブメントの魅力	カルティエとCal.78-1	8	185
2026-06-03	152	セイコー	セイコー シルバーウェーブの魅力｜1970年代「日常防水以上・ダイバーズ未満」の隠れた名機	セイコー シルバーウェーブの魅力	8	152
2026-06-04	404	オメガ	オメガ シーマスター ダイバーズの系譜｜Ref.166.024からプレボンドまで、1960〜80年代の進化を辿る	オメガ シーマスター ダイバーズの系譜	9	404
2026-06-04	195	オリエント	ロイヤルオリエントとは？｜1959年誕生・オリエント最高峰ドレスウォッチの魅力と選び方	ロイヤルオリエントとは？	8	195
2026-06-04	153	セイコー	セイコー スカイライナーとワールドタイム｜1960年代の旅行者に愛された名機	セイコー スカイライナーとワールドタイム	8	153
2026-06-04	330	IWC	IWC スピットファイア — Cal.88手巻きとCal.884自動巻きが結ぶパイロットウォッチの系譜	IWC スピットファイア — Cal.88手巻きとCal.884自動巻きが結ぶパイロットウォッチの系譜	8	330
2026-06-05	196	オリエント	オリエント ヴィンテージダイバー解説｜キングダイバー・スキンダイバー・21ダイバーの世界	オリエント ヴィンテージダイバー解説	8	196
2026-06-05	160	セイコー	キングセイコー 初代から44KSまで｜第二精工舎が生んだ「もうひとつの高級セイコー」の系譜	キングセイコー 初代から44KSまで	8	160
2026-06-05	331	IWC	IWC ヴィンテージ Cal一覧 1950〜80年代 ─ 年代別・系統別に整理	IWC ヴィンテージ Cal一覧 1950〜80年代	8	331
2026-06-05	357	ロンジン	ロンジン ヴィンテージ vs グランドセイコー 精度比較	ロンジン ヴィンテージ vs グランドセイコー 精度比較	8	357
2026-06-08	271	セイコー	グランドセイコー 初期〜後期 文字盤バリエーション総まとめ	グランドセイコー 初期〜後期 文字盤バリエーション総まとめ	8	271
2026-06-08	087	テーマ記事	手元のヴィンテージ時計、オーバーホールはいつすべき？｜メンテナンスの基本知識	手元のヴィンテージ時計、オーバーホールはいつすべき？	7	087
2026-06-08	011	ロンジン	ロンジン アドミラル Cal.505/506 1960年代自動巻きスポーツモデル	ロンジン アドミラル Cal.505/506 1960年代自動巻きスポーツモデル	7	011
2026-06-08	294	セイコー	グランドセイコー ヴィンテージ ブレスレット・ケース年代判定	グランドセイコー ヴィンテージ ブレスレット・ケース年代判定	8	294
2026-06-09	100	テーマ記事	ハイビート（10振動）ムーブメントの魅力｜GS・ロンジン・ゼニスの1960年代競争史	ハイビート（10振動）ムーブメントの魅力	7	100
2026-06-09	118	チューダー	チューダー オイスターローヤル／プリンスオイスターデイト｜ロレックスケースを纏った1950-60年代のドレスウォッチ	チューダー オイスターローヤル／プリンスオイスターデイト	7	118
2026-06-09	296	セイコー	キングセイコー 亀戸精工舎とは｜東京製セイコーの誇り	キングセイコー 亀戸精工舎とは	8	296
2026-06-09	101	テーマ記事	ヴィンテージ時計の「状態」表現を読み解く——「保管傷」「年代を考慮すると」の意味	ヴィンテージ時計の「状態」表現を読み解く	7	101
2026-06-10	119	その他	オーデマピゲは女性に似合う？選び方・代表モデル・サイズ感を専門家が解説	オーデマピゲは女性に似合う？選び方・代表モデル・サイズ感を専門家が解説	7	119
2026-06-10	173	ジャガー・ルクルト	ジャガー・ルクルト フューチャマチック Cal.817｜パワーリザーブ表示とリューズなしの革新	ジャガー・ルクルト フューチャマチック Cal.817	7	173
2026-06-10	253	テーマ記事	マットダイヤルとグロスダイヤル 年代別変化まとめ	マットダイヤルとグロスダイヤル 年代別変化まとめ	7	253
2026-06-10	317	チューダー	チューダー トロピカルダイヤル｜Ref.7984等の実例と見分け方	チューダー トロピカルダイヤル	7	317
2026-06-11	339	ジャガー・ルクルト	ジャガー・ルクルト パワーリザーブ付きモデル｜Cal.815・825の系譜と魅力	ジャガー・ルクルト パワーリザーブ付きモデル	7	339
2026-06-11	254	テーマ記事	ヴィンテージ時計の夜光塗料 ラジウム・トリチウム・ルミノバ変遷	ヴィンテージ時計の夜光塗料 ラジウム・トリチウム・ルミノバ変遷	7	254
2026-06-11	327	チューダー	チューダー ビゲ（Bigee）ケース 1950年代アンティーク	チューダー ビゲ（Bigee）ケース 1950年代アンティーク	7	327
2026-06-11	068	ブライトリング	ブライトリング 初代クロノマット｜1940年代 軍用計算クロノグラフの原点	ブライトリング 初代クロノマット	6	068
2026-06-12	255	テーマ記事	ヴィンテージ時計 真贋チェック 初心者が見るべき7か所	ヴィンテージ時計 真贋チェック 初心者が見るべき7か所	7	255
2026-06-12	194	カルティエ	カルティエ クーガー ラウンドケース 1990年代ヴィンテージ	カルティエ クーガー ラウンドケース 1990年代ヴィンテージ	6	194
2026-06-12	069	ブライトリング	ブライトリング トップタイム Ref.810 1960年代クロノグラフ	ブライトリング トップタイム Ref.810 1960年代クロノグラフ	6	069
2026-06-12	258	テーマ記事	ヴィンテージ時計 初心者が犯しがちな5つの失敗	ヴィンテージ時計 初心者が犯しがちな5つの失敗	7	258
2026-06-15	244	IWC	IWC 18金無垢モデルの魅力｜1950-60年代ゴールドケースの特徴と選び方	IWC 18金無垢モデルの魅力	6	244
2026-06-15	351	カルティエ	カルティエ ヴィンテージ ムーブメント ETA搭載の歴史	カルティエ ヴィンテージ ムーブメント ETA搭載の歴史	6	351
2026-06-15	259	テーマ記事	ヴィンテージ時計 コレクションの始め方｜最初の1本選びから	ヴィンテージ時計 コレクションの始め方	7	259
2026-06-15	328	IWC	IWC パイロットウォッチの系譜 — Mark XI・Mark XII・Mark XV	IWC パイロットウォッチの系譜 — Mark	6	328
2026-06-16	358	ブライトリング	ブライトリング ヴィンテージ スライドルールの使い方｜ナビタイマーの計算尺ベゼルを読み解く	ブライトリング ヴィンテージ スライドルールの使い方	6	358
2026-06-16	277	テーマ記事	ヴィンテージ時計のラグ形状 ストレート・ツイスト・バナナの特徴	ヴィンテージ時計のラグ形状 ストレート・ツイスト・バナナの特徴	7	277
2026-06-16	359	カルティエ	カルティエ ヴィンテージ ゴールドケースの種類と価値	カルティエ ヴィンテージ ゴールドケースの種類と価値	6	359
2026-06-16	001	ロンジン	ロンジン コンクエスト ヴィンテージ｜コンステレーション対抗馬として生まれたスポーツ・ドレス兼用モデル	ロンジン コンクエスト ヴィンテージ	5	001
2026-06-17	284	テーマ記事	ヴィンテージ時計のハックセコンド（秒停止）とは	ヴィンテージ時計のハックセコンド（秒停止）とは	7	284
2026-06-17	166	ジャガー・ルクルト	ジャガー・ルクルト「マニュファクチュール」の実力｜IWCペラトン機構とムーブメント供給の系譜	ジャガー・ルクルト「マニュファクチュール」の実力	5	166
2026-06-17	012	ロンジン	ロンジン ダイバーズウォッチ 1960-70年代ヴィンテージ	ロンジン ダイバーズウォッチ 1960-70年代ヴィンテージ	5	012
2026-06-17	286	テーマ記事	ヴィンテージ時計 デュアルタイム（GMT）機構の歴史	ヴィンテージ時計 デュアルタイム（GMT）機構の歴史	7	286
2026-06-18	169	ジャガー・ルクルト	ジャガー・ルクルト ダーティダース｜イギリス陸軍W.W.W.の歴史と魅力	ジャガー・ルクルト ダーティダース	5	169
2026-06-18	013	ロンジン	ロンジン ゴールドケース 1950-60年代ドレスウォッチ	ロンジン ゴールドケース 1950-60年代ドレスウォッチ	5	013
2026-06-18	345	テーマ記事	1970年代クォーツショック時代のヴィンテージ機械式の魅力	1970年代クォーツショック時代のヴィンテージ機械式の魅力	7	345
2026-06-18	170	ジャガー・ルクルト	ジャガー・ルクルト ジオフィジック E558｜1960年代科学者のための時計	ジャガー・ルクルト ジオフィジック E558	5	170
2026-06-19	333	ロンジン	ロンジン レジェンドダイバー 1967年製 ヴィンテージ｜Ref.7042 の設計思想とコレクターの視点	ロンジン レジェンドダイバー 1967年製 ヴィンテージ	5	333
2026-06-19	361	テーマ記事	ヴィンテージ時計 買取価値を下げない保管術	ヴィンテージ時計 買取価値を下げない保管術	7	361
2026-06-19	172	ジャガー・ルクルト	ジャガー・ルクルト レベルソ ヴィンテージ｜1930〜60年代 反転ケースの歴史	ジャガー・ルクルト レベルソ ヴィンテージ	5	172
2026-06-19	353	ユニバーサル・ジュネーブ	ユニバーサル・ジュネーブ ヴィンテージ Cal一覧	ユニバーサル・ジュネーブ ヴィンテージ Cal一覧	5	353
2026-06-22	176	シチズン	シチズン ホーマー・国鉄時計の世界｜鉄道の正確な運行を支えた手巻き腕時計の全貌	シチズン ホーマー・国鉄時計の世界	4	176
2026-06-22	174	ジャガー・ルクルト	ジャガー・ルクルト ゴールドケース 1950年代ドレスウォッチ｜18Kの質感と手巻きキャリバーの系譜	ジャガー・ルクルト ゴールドケース 1950年代ドレスウォッチ	5	174
2026-06-22	342	ユニバーサル・ジュネーブ	ユニバーサル・ジュネーブ トリ・コンパックス ― トリプルカレンダー＋クロノグラフが一体化した複雑機構の名作	ユニバーサル・ジュネーブ トリ・コンパックス ― トリプルカレンダー＋クロノグラフが一体化した複雑機構の名作	3	342
2026-06-22	341	ジャガー・ルクルト	ジャガー・ルクルト マスタービュームウォッチとバンパー式自動巻き｜ペラトン機構への系譜	ジャガー・ルクルト マスタービュームウォッチとバンパー式自動巻き	5	341
2026-06-23	398	ジャガー・ルクルト	ジャガー・ルクルト メモボックス（Memovox）｜ヴィンテージアラームウォッチの系譜と魅力	ジャガー・ルクルト メモボックス（Memovox）	5	398
2026-06-23	392	ユニバーサル・ジュネーブ	ユニバーサル・ジュネーブ ポールルーター｜マイクロローターを世界に示したパイオニアウォッチ	ユニバーサル・ジュネーブ ポールルーター	3	392
