投稿日	曜日	枠	No	ブランド	タイトル	slug	種別	推定SV
2026-05-08	金	1	459	ロレックス	金無垢ロレックスは、なぜ「ダサい」と言われるのか	459_article_rolex_solid_gold_dasai	NEW	2400
2026-05-08	金	2	497	カルティエ	カルティエのヴィンテージ、購入前のチェックポイント	497_article_cartier_vintage_check	NEW	450
2026-05-08	金	3		ロレックス	ロレックス プリンス｜1928年誕生「ドクターズウォッチ」の長方形ケースを解説	395_article_prince	EXISTING	
2026-05-08	金	4		テーマ	アンティーク時計の魅力とは？「古い時計」の楽しみ方	426_article_antique_watch_guide	EXISTING	
2026-05-11	月	1	460	ロレックス	ロレックス コンビ、「ダサい」と言われる理由と本当の魅力	460_article_rolex_combi_dasai	NEW	2400
2026-05-11	月	2	500	カルティエ	カルティエの自動巻き選び、ジュエラーが選んだ機構を読み解く	500_article_cartier_cal_choice	NEW	450
2026-05-11	月	3		チューダー	チューダー モデル別Cal一覧 1950〜80年代	114_article_tudor_cal_list	EXISTING	
2026-05-11	月	4		ロンジン	ロンジン アドミラル Cal.505/506 1960年代自動巻きスポーツモデル	011_article_admiral	EXISTING	
2026-05-12	火	1	449	ロレックス	ロレックス 人気3モデル｜エクスプローラー・デイデイト・デイトジャストの特徴	449_article_rolex_popular_ranking	NEW	2100
2026-05-12	火	2	450	ロレックス	年代別ロレックス選び｜20代から50代まで、ヴィンテージで選ぶ4つのモデル	450_article_rolex_age_guide	NEW	450
2026-05-12	火	3		チューダー	チューダー オイスターローヤル／プリンスオイスターデイト	118_article_oyster_royal	EXISTING	
2026-05-12	火	4		その他	オーデマピゲは女性に似合う？選び方・代表モデル・サイズ感を専門家が解説	119_article_audemars_piguet_women	EXISTING	
2026-05-13	水	1	461	ロレックス	ロレックスはなぜ高い？値段の構造を分解してみる	461_article_rolex_naze_takai	NEW	1800
2026-05-13	水	2	446	ロレックス	え？これもロレックスなの？意外性のあるヴィンテージモデル5選	446_article_unusual_rolex	NEW	450
2026-05-13	水	3		セイコー	セイコー懐中時計・鉄道時計の歴史	151_article_pocket_watch	EXISTING	
2026-05-13	水	4		セイコー	セイコー シルバーウェーブの魅力	152_article_silver_wave	EXISTING	
2026-05-14	木	1	488	セイコー	セイコー5は恥ずかしい？歴史と価格帯のギャップが語ること	488_article_seiko5_embarrassing	NEW	1600
2026-05-14	木	2	520	オリエント	オリエントの世界、国産機械式の入門ガイド	520_article_orient_intro	NEW	300
2026-05-14	木	3		シチズン	シチズン クロノマスター解説	175_article_chronomaster	EXISTING	
2026-05-14	木	4		テーマ	ヴィンテージ時計の「状態」表現を読み解く——「保管傷」「年代を考慮すると」の意味	101_article_condition_guide	EXISTING	
2026-05-15	金	1	491	セイコー	セイコーのヴィンテージ、いま注目の代表機	491_article_seiko_top_models	NEW	1400
2026-05-15	金	2	521	シチズン	シチズンのヴィンテージ、知る人ぞ知る入門ガイド	521_article_citizen_intro	NEW	300
2026-05-15	金	3		セイコー	セイコー スカイライナーとワールドタイム	153_article_skyliner_worldtime	EXISTING	
2026-05-15	金	4		シチズン	シチズン ホーマー・国鉄時計の世界	176_article_homer	EXISTING	
2026-05-18	月	1	483	オメガ	オメガで選ばれている代表モデル、ヴィンテージから現代まで	483_article_omega_top_models	NEW	1400
2026-05-18	月	2	478	オメガ	40代でオメガを選ぶ、年代別の答え合わせ	478_article_omega_40s	NEW	300
2026-05-18	月	3		テーマ	トロピカルダイヤルとは？ヴィンテージ時計の経年変化が生む唯一無二の魅力	102_article_tropical_dial	EXISTING	
2026-05-18	月	4		セイコー	グランドセイコー 44GS・45GS 解説	158_article_gs_44gs	EXISTING	
2026-05-19	火	1	476	カルティエ	女性が選ぶならカルティエかロレックスか、ヴィンテージで考える	476_article_cartier_vs_rolex_women	NEW	1200
2026-05-19	火	2	508	ブライトリング	ブライトリングの「向き不向き」を整理する	508_article_breitling_for_whom	NEW	300
2026-05-19	火	3		シチズン	シチズン アラームウォッチの魅力	177_article_alarm_watch	EXISTING	
2026-05-19	火	4		セイコー	グランドセイコー 56GS Cal.5641・5645・5646 中期型ガイド	159_article_gs_56gs	EXISTING	
2026-05-20	水	1	469	ロレックス	ヴィンテージ ロレックスのレディース、定番から珍しい1本まで	469_article_rolex_ladies	NEW	1200
2026-05-20	水	2	507	IWC	IWCを選ばない方がいい人、選ぶといい人	507_article_iwc_for_whom	NEW	300
2026-05-20	水	3		ジャガー・ルクルト	ジャガー・ルクルト ヴィンテージ入門	168_article_vintage_beginner	EXISTING	
2026-05-20	水	4		カルティエ	カルティエ タンク（ルイカルティエ）ヴィンテージ解説	181_article_tank_louis_vintage	EXISTING	
2026-05-21	木	1	467	ロレックス	女性が選ぶならカルティエかロレックスか	467_article_cartier_vs_rolex_women	NEW	1200
2026-05-21	木	2	482	オメガ	グランドセイコーとオメガ コンステレーション、ハイビートの聖地対決	482_article_gs_vs_constellation	NEW	280
2026-05-21	木	3		セイコー	キングセイコー 初代から44KSまで	160_article_ks_first	EXISTING	
2026-05-21	木	4		ジャガー・ルクルト	ジャガー・ルクルト ダーティダース	169_article_dirty_dozen	EXISTING	
2026-05-22	金	1	462	ロレックス	ロレックスとオメガ、ヴィンテージで迷ったときの判断軸	462_article_rolex_vs_omega_vintage	NEW	1050
2026-05-22	金	2	465	ロレックス	サブマリーナとシーマスター、ダイバーズ二大巨頭の違い	465_article_sub_vs_seamaster	NEW	280
2026-05-22	金	3		カルティエ	カルティエ サントス オクタゴン解説	182_article_santos_octagon	EXISTING	
2026-05-22	金	4		セイコー	キングセイコー vs グランドセイコー 比較	165_article_ks_vs_gs	EXISTING	
2026-05-25	月	1	463	ロレックス	国際派のロレックス、国内派のグランドセイコー、どちらを選ぶか	463_article_gs_vs_rolex_global_local	NEW	1050
2026-05-25	月	2	477	ロレックス	デイトナとスピードマスター、二大クロノグラフを並べてみる	477_article_daytona_vs_speedmaster	NEW	280
2026-05-25	月	3		ジャガー・ルクルト	ジャガー・ルクルト ジオフィジック E558	170_article_geophysic	EXISTING	
2026-05-25	月	4		オリエント	ロイヤルオリエントとは？	195_article_royal_orient	EXISTING	
2026-05-26	火	1	466	ロレックス	ロレックスとIWC、スポーツウォッチでの選び方	466_article_rolex_vs_iwc_sports	NEW	1050
2026-05-26	火	2	468	ロレックス	デイトナとスピードマスター、二大クロノグラフを並べてみる	468_article_daytona_vs_speedmaster	NEW	280
2026-05-26	火	3		ジャガー・ルクルト	ジャガー・ルクルト レベルソ ヴィンテージ	172_article_reverso	EXISTING	
2026-05-26	火	4		カルティエ	カルティエ ヴィンテージ時計とは？代表モデルと選び方	189_article_vintage_beginner	EXISTING	
2026-05-27	水	1	456	ロンジン	ロンジンが「恥ずかしい」と言われる理由と、選ぶ人が増えている事実	456_article_longines_embarrassing	NEW	960
2026-05-27	水	2	464	ロレックス	デイトジャストとエクスプローラー、シーンで選ぶならどっち	464_article_dj_vs_explorer	NEW	280
2026-05-27	水	3		オリエント	オリエント ヴィンテージダイバー解説	196_article_vintage_diver	EXISTING	
2026-05-27	水	4		オメガ	オメガ シーマスター メモマチック Cal.980 アラーム付きダイバー	230_article_memomatic	EXISTING	
2026-05-28	木	1	492	ロンジン	ロンジン ヴィンテージで選ばれている代表モデル	492_article_longines_top_models	NEW	840
2026-05-28	木	2	509	その他	オーデマピゲの価格に込められた、雲上ブランドの哲学	509_article_ap_price	NEW	270
2026-05-28	木	3		ジャガー・ルクルト	ジャガー・ルクルト フューチャマチック Cal.817	173_article_futurematic	EXISTING	
2026-05-28	木	4		カルティエ	カルティエ ヴィンテージのダイヤルバリエーション解説	190_article_dial_variation	EXISTING	
2026-05-29	金	1	512	ブライトリング	ブライトリング ヴィンテージで動いているモデルの実態	512_article_breitling_top_models	NEW	840
2026-05-29	金	2	510	その他	パテックフィリップ、最高峰の値段の理由	510_article_patek_value	NEW	270
2026-05-29	金	3		オメガ	オメガ シーマスター プレボンド	231_article_seamaster_prebond	EXISTING	
2026-05-29	金	4		IWC	IWC ペラトン式自動巻きとは？	242_article_pellaton	EXISTING	
2026-06-01	月	1	511	IWC	IWCのヴィンテージで選ばれているモデルとその背景	511_article_iwc_top_models	NEW	840
2026-06-01	月	2	514	オリエント	オリエントの腕時計、本当に恥ずかしい時計なのか	514_article_orient_embarrassing	NEW	800
2026-06-01	月	3		ジャガー・ルクルト	ジャガー・ルクルト ゴールドケース 1950年代ドレスウォッチ	174_article_gold_dress	EXISTING	
2026-06-01	月	4		カルティエ	カルティエ サントス ガルベ 1990年代自動巻きモデル解説	192_article_santos_galbe	EXISTING	
2026-06-02	火	1	489	セイコー	セイコー レディース、ヴィンテージで選ぶ手巻きの愉しみ	489_article_seiko_ladies_vintage	NEW	800
2026-06-02	火	2	493	シチズン	シチズン ヴィンテージで密かに選ばれているモデル	493_article_citizen_top_models	NEW	700
2026-06-02	火	3		オメガ	オメガ スピードマスター 初期4世代の変遷	232_article_speedmaster_early	EXISTING	
2026-06-02	火	4		IWC	IWC 18金無垢モデルの魅力	244_article_18k_gold	EXISTING	
2026-06-03	水	1	457	セイコー	セイコーとシチズン、国産時計の選び方	457_article_seiko_vs_citizen	NEW	700
2026-06-03	水	2	480	オメガ	クロノグラフで迷ったら、オメガとブライトリングをどう比べるか	480_article_omega_vs_breitling_chrono	NEW	700
2026-06-03	水	3		カルティエ	カルティエ パンテール 1980年代ラグジュアリースポーツ解説	193_article_panthere	EXISTING	
2026-06-03	水	4		オメガ	オメガ スピードマスター 4thモデル ST145.012 解説	233_article_speedmaster_4th	EXISTING	
2026-06-04	木	1	479	オメガ	オメガのヴィンテージを選ぶか、現行を選ぶか	479_article_omega_vintage_vs_modern	NEW	700
2026-06-04	木	2	481	オメガ	ヴィンテージドレスで迷う、オメガとIWCの選び方	481_article_omega_vs_iwc_dress	NEW	700
2026-06-04	木	3		IWC	IWC ラウンドケース 1960-70年代	245_article_round_case	EXISTING	
2026-06-04	木	4		テーマ	ギルトダイヤル（金色文字盤）とは？1960〜70年代ヴィンテージの特徴	252_article_gilt_dial_guide	EXISTING	
2026-06-05	金	1		カルティエ	カルティエ クーガー ラウンドケース 1990年代ヴィンテージ	194_article_cougar	EXISTING	
2026-06-05	金	2		オメガ	オメガ シーマスター 300	234_article_seamaster_300	EXISTING	
2026-06-05	金	3		IWC	IWC Cal.89 搭載モデル解説	246_article_cal89	EXISTING	
2026-06-05	金	4		テーマ	マットダイヤルとグロスダイヤル 年代別変化まとめ	253_article_matte_vs_gloss_dial	EXISTING	
2026-06-08	月	1		オメガ	オメガ スピードマスター ブロードアローとは？初代ハンドの特徴と変遷	236_article_speedmaster_broadarrow	EXISTING	
2026-06-08	月	2		IWC	IWC ダ・ヴィンチ Ref.3728 1980年代クロノグラフ解説	247_article_da_vinci	EXISTING	
2026-06-08	月	3		テーマ	ヴィンテージ時計の夜光塗料 ラジウム・トリチウム・ルミノバ変遷	254_article_lume_history	EXISTING	
2026-06-08	月	4		ロレックス	ロレックス サブマリーナ ノンデイトとデイト付きの違い	260_article_sub_nodate_vs_date	EXISTING	
2026-06-09	火	1		オメガ	オメガ デ・ヴィル解説	237_article_deville_vintage	EXISTING	
2026-06-09	火	2		IWC	IWC オーシャン2000 Ref.3500 チタンダイバーズウォッチ解説	248_article_ocean2000	EXISTING	
2026-06-09	火	3		テーマ	ヴィンテージ時計 真贋チェック 初心者が見るべき7か所	255_article_authenticity_check	EXISTING	
2026-06-09	火	4		ロレックス	ロレックス サブマリーナ ブレスレット 1960〜70年代の見分け方	261_article_sub_bracelet	EXISTING	
2026-06-10	水	1		オメガ	オメガ コンステレーション Cライン解説	238_article_constellation_cline	EXISTING	
2026-06-10	水	2		IWC	IWC アクアタイマー Ref.812AD 1960年代ダイバーズ解説	250_article_aquatimer	EXISTING	
2026-06-10	水	3		テーマ	ヴィンテージ時計 保管・日常メンテナンス解説	256_article_storage_guide	EXISTING	
2026-06-10	水	4		ロレックス	ロレックス サブマリーナ 文字盤バリエーション総まとめ	262_article_sub_dial_variants	EXISTING	
2026-06-11	木	1		オメガ	オメガ コンステレーション クロノメーターの証「天文台」マーク	239_article_constellation_chrono	EXISTING	
2026-06-11	木	2		テーマ	ヴィンテージ時計 初心者が犯しがちな5つの失敗	258_article_beginner_mistakes	EXISTING	
2026-06-11	木	3		ロレックス	ロレックス サービスダイヤルとオリジナルダイヤルの違い	267_article_dial_service_vs_orig	EXISTING	
2026-06-11	木	4		セイコー	グランドセイコー Cal.番号 年代対応表 1960〜1980年代	270_article_gs_caliber_table	EXISTING	
2026-06-12	金	1		オメガ	オメガ スピードマスター ヴィンテージブレスレットの種類と年代	240_article_speedmaster_bracelet	EXISTING	
2026-06-12	金	2		テーマ	ヴィンテージ時計 コレクションの始め方	259_article_collection_start	EXISTING	
2026-06-12	金	3		ロレックス	ロレックス ブレスレット番号・エンドリンクの年代判定	268_article_bracelet_year	EXISTING	
2026-06-12	金	4		セイコー	グランドセイコー 初期〜後期 文字盤バリエーション総まとめ	271_article_gs_dial_all	EXISTING	
2026-06-15	月	1		オメガ	オメガ スピードマスター トロピカルダイヤル 実例と価値	264_article_speedmaster_tropical	EXISTING	
2026-06-15	月	2		セイコー	セイコー 5アクタス Cal.6119・7019系 1970年代	272_article_5actus	EXISTING	
2026-06-15	月	3		テーマ	マイクロローターとは？ポールルーター・パテックの小型自動巻き	274_article_micro_rotor	EXISTING	
2026-06-15	月	4		ロレックス	ロレックス デイトジャスト 36mm vs 41mm どちらを選ぶか	280_article_dj_36_vs_41	EXISTING	
2026-06-16	火	1		オメガ	オメガ スピードマスター Cal.1040・1045 自動巻きクロノグラフの系譜	265_article_speedmaster_cal1040	EXISTING	
2026-06-16	火	2		テーマ	ETA vs レマニア vs バルジュー ヴィンテージクロノグラフCal比較	275_article_eta_vs_lemania	EXISTING	
2026-06-16	火	3		セイコー	キングセイコー プロダクション 1961〜1975 全モデル概覧	279_article_ks_all_models	EXISTING	
2026-06-16	火	4		ロレックス	ロレックス デイトジャスト フルーテッドベゼル vs スムースベゼル	281_article_dj_bezel	EXISTING	
2026-06-17	水	1		テーマ	ヴィンテージ時計 パワーリザーブの歴史とCal一覧	276_article_power_reserve	EXISTING	
2026-06-17	水	2		ロレックス	ロレックス デイトジャスト ジュビリーブレスvsオイスターブレス	289_article_dj_bracelet	EXISTING	
2026-06-17	水	3		セイコー	グランドセイコー セイコースタイルとは？デザイン変革の歴史	293_article_gs_seiko_style	EXISTING	
2026-06-17	水	4		オメガ	オメガ シーマスター コスミック 1960年代 スクエアケース解説	299_article_sm_cosmic	EXISTING	
2026-06-18	木	1		テーマ	ヴィンテージ時計のラグ形状 ストレート・ツイスト・バナナの特徴	277_article_lug_shape	EXISTING	
2026-06-18	木	2		ロレックス	ロレックス ジュビリーブレスの歴史と年代別見分け方	290_article_jubilee_bracelet	EXISTING	
2026-06-18	木	3		セイコー	グランドセイコー ヴィンテージ ブレスレット・ケース年代判定	294_article_gs_vintage_year	EXISTING	
2026-06-18	木	4		オメガ	オメガ ヴィンテージ 1950〜70年代 キャリバー一覧表	303_article_omega_caliber_list	EXISTING	
2026-06-19	金	1		テーマ	ヴィンテージ時計のブレスレット 年代別一覧（1950〜80年代）	278_article_bracelet_history	EXISTING	
2026-06-19	金	2		セイコー	キングセイコー ケーシング別（SS/GF）比較と見分け方	295_article_ks_case_material	EXISTING	
2026-06-19	金	3		オメガ	オメガ ヴィンテージ入門	304_article_omega_vintage_first	EXISTING	
2026-06-19	金	4		チューダー	チューダー サブマリーナ Ref.7928・7016	310_article_tudor_sub_7928	EXISTING	
2026-06-22	月	1		テーマ	ヴィンテージ時計の石数（宝石）とは？17石・21石の意味	282_article_jewels_guide	EXISTING	
2026-06-22	月	2		セイコー	キングセイコー 亀戸精工舎とは	296_article_ks_kameido	EXISTING	
2026-06-22	月	3		オメガ	オメガ シーマスター ヴィンテージ 1960年代解説：アクアテラの源流	305_article_sm_aquaterra	EXISTING	
2026-06-22	月	4		チューダー	チューダー vs ロレックス サブマリーナ ヴィンテージ比較	311_article_tudor_vs_rolex_sub	EXISTING	
2026-06-23	火	1		テーマ	ヴィンテージ時計のデフレクタ（偏心カム）カレンダー機構解説	283_article_calendar_mechanism	EXISTING	
2026-06-23	火	2		セイコー	キングセイコー クロノグラフ Ref.5718 解説	297_article_ks_chrono	EXISTING	
2026-06-23	火	3		オメガ	オメガ アンティーク 1940〜50年代の魅力	309_article_omega_antique	EXISTING	
2026-06-23	火	4		チューダー	チューダー ホームプレートロゴ vs バラロゴ	312_article_tudor_logo	EXISTING	
2026-06-24	水	1		テーマ	ヴィンテージ時計のハックセコンド（秒停止）とは	284_article_hack_second	EXISTING	
2026-06-24	水	2		チューダー	チューダー クロノグラフ Ref.7031・7032 Monte-Carlo 解説	313_article_tudor_chrono	EXISTING	
2026-06-24	水	3		IWC	IWC ポルトギーゼ ヴィンテージ	318_article_iwc_portugieser	EXISTING	
2026-06-24	水	4		オメガ	オメガ シームレスブレスレット 年代別見分け方解説	321_article_omega_bracelet_year	EXISTING	
2026-06-25	木	1		テーマ	ヴィンテージ時計の防水構造：スクリューバック vs プッシュバック	285_article_waterproof_back	EXISTING	
2026-06-25	木	2		チューダー	チューダー オイスター Ref.7984 Cal.1156 解説	314_article_tudor_sub_7984	EXISTING	
2026-06-25	木	3		IWC	IWC マーク11（Mk.XI）英国軍用時計 解説	319_article_iwc_mk11	EXISTING	
2026-06-25	木	4		オメガ	オメガ vs ロンジン ヴィンテージ同時代比較	322_article_omega_vs_longines	EXISTING	
2026-06-26	金	1		テーマ	ヴィンテージ時計 デュアルタイム（GMT）機構の歴史	286_article_dual_time_history	EXISTING	
2026-06-26	金	2		チューダー	チューダー オイスタープリンス Cal.2284・2291 1960〜70年代解説	315_article_tudor_oyster_prince	EXISTING	
2026-06-26	金	3		IWC	IWC インヂュニア Ref.866 Cal.854	320_article_iwc_ingenieur	EXISTING	
2026-06-26	金	4		オメガ	オメガ スクエアケース ヴィンテージ まとめ	323_article_omega_square_case	EXISTING	
2026-06-29	月	1		テーマ	ヴィンテージ時計のケース素材 SS・GF・金無垢 解説	287_article_case_material_guide	EXISTING	
2026-06-29	月	2		チューダー	チューダーの時計とは？ヴィンテージの選び方とおすすめモデル	316_article_tudor_vintage_first	EXISTING	
2026-06-29	月	3		IWC	IWC パイロットウォッチの系譜 — Mark XI・Mark XII・Mark XV	328_article_iwc_pilot	EXISTING	
2026-06-29	月	4		ロンジン	ロンジン レジェンドダイバー 1967年製 ヴィンテージ	333_article_longines_legend_diver	EXISTING	
2026-06-30	火	1		テーマ	ヴィンテージ時計のベゼル素材と種類 アルミ・サファイア・セラミック解説	288_article_bezel_guide	EXISTING	
2026-06-30	火	2		チューダー	チューダー トロピカルダイヤル	317_article_tudor_tropical	EXISTING	
2026-06-30	火	3		IWC	IWC ポルトフィーノ 初代モデル解説 ── 1980年代に生まれたドレスウォッチの原点	329_article_iwc_portofino	EXISTING	
2026-06-30	火	4		ロンジン	ロンジンの時計とは？ヴィンテージの魅力と代表モデル	334_article_longines_vintage_first	EXISTING	
2026-07-01	水	1		チューダー	チューダー オイスターデイト Ref.7966 Cal.2462・Cal.2484 解説	324_article_tudor_oyster_date	EXISTING	
2026-07-01	水	2		IWC	IWC スピットファイア — Cal.88手巻きとCal.884自動巻きが結ぶパイロットウォッチの系	330_article_iwc_spitfire	EXISTING	
2026-07-01	水	3		テーマ	ロレックス・オメガ・グランドセイコー 1960年代三つ巴比較	335_article_rolex_omega_gs_compare	EXISTING	
2026-07-01	水	4		セイコー	セイコー ジョイントポイント Cal.5246・6246 スポーツライン	336_article_seiko_jointpointer	EXISTING	
2026-07-02	木	1		チューダー	チューダー プリンスオイスターデイト スクエアケース 1960〜70年代解説	325_article_tudor_square_case	EXISTING	
2026-07-02	木	2		IWC	IWC ヴィンテージ Cal一覧 1950〜80年代 ─ 年代別・系統別に整理	331_article_iwc_caliber_table	EXISTING	
2026-07-02	木	3		セイコー	セイコー アルピニスト ヴィンテージ 1960年代 解説	337_article_seiko_alpinist	EXISTING	
2026-07-02	木	4		ジャガー・ルクルト	ジャガー・ルクルト ディープシー ヴィンテージ解説	338_article_jlc_deep_sea	EXISTING	
2026-07-03	金	1		チューダー	チューダー スポーツプリンス Cal.2484 1970年代の特徴と変遷	326_article_tudor_sport_prince	EXISTING	
2026-07-03	金	2		IWC	IWC ヴィンテージ入門	332_article_iwc_vintage_first	EXISTING	
2026-07-03	金	3		ジャガー・ルクルト	ジャガー・ルクルト パワーリザーブ付きモデル	339_article_jlc_power_reserve	EXISTING	
2026-07-03	金	4		ユニバーサル	ユニバーサル・ジュネーブ トリ・コンパックス ― トリプルカレンダー＋クロノグラフが一体化した複雑機	342_article_ug_tricompax	EXISTING	
2026-07-06	月	1		チューダー	チューダー ビゲ（Bigee）ケース 1950年代アンティーク	327_article_tudor_bigee	EXISTING	
2026-07-06	月	2		ジャガー・ルクルト	ジャガー・ルクルト Cal.478・480系 手巻きキャリバー解説	340_article_jlc_cal478	EXISTING	
2026-07-06	月	3		ユニバーサル	ユニバーサル・ジュネーブ コンパックス Cal.287 解説	343_article_ug_compax	EXISTING	
2026-07-06	月	4		テーマ	パイロットウォッチ比較：IWC・ブライトリング・ユニバーサル・ジュネーブ	344_article_pilot_watch_compare	EXISTING	
2026-07-07	火	1		ジャガー・ルクルト	ジャガー・ルクルト マスタービュームウォッチとバンパー式自動巻き	341_article_jlc_bumper	EXISTING	
2026-07-07	火	2		テーマ	1970年代クォーツショック時代のヴィンテージ機械式の魅力	345_article_quartz_shock_era	EXISTING	
2026-07-07	火	3		セイコー	セイコー ヴィンテージ 1960〜70年代 Cal.番号一覧表	347_article_seiko_caliber_table	EXISTING	
2026-07-07	火	4		カルティエ	カルティエ パシャ・ドゥ・カルティエ 初代解説	350_article_cartier_pasha	EXISTING	
2026-07-08	水	1		テーマ	スクエアケース ヴィンテージ比較：カルティエ・オメガ・セイコー	348_article_square_case_compare	EXISTING	
2026-07-08	水	2		カルティエ	カルティエ ヴィンテージ ムーブメント ETA搭載の歴史	351_article_cartier_movement	EXISTING	
2026-07-08	水	3		ユニバーサル	ユニバーサル・ジュネーブ ユニマチック Cal.215 解説	352_article_ug_unimatch	EXISTING	
2026-07-08	水	4		ロレックス	ロレックス ヴィンテージ SS vs ゴールド どちらを選ぶか	355_article_rolex_ss_vs_gold	EXISTING	
2026-07-09	木	1		テーマ	軍用（ミリタリー）時計 IWC・ロレックス・チューダー実例比較	349_article_military_watch_compare	EXISTING	
2026-07-09	木	2		ユニバーサル	ユニバーサル・ジュネーブ ヴィンテージ Cal一覧	353_article_ug_caliber_table	EXISTING	
2026-07-09	木	3		ロンジン	ロンジン ウイットナー Cal.30L スモールセコンド解説	356_article_longines_wittnauer	EXISTING	
2026-07-09	木	4		ブライトリング	ブライトリング ヴィンテージ スライドルールの使い方	358_article_breitling_slide_rule	EXISTING	
2026-07-10	金	1		ロンジン	ロンジン ヴィンテージ vs グランドセイコー 精度比較	357_article_longines_vs_gs	EXISTING	
2026-07-10	金	2		カルティエ	カルティエ ヴィンテージ ゴールドケースの種類と価値	359_article_cartier_gold_case	EXISTING	
2026-07-10	金	3		テーマ	ヴィンテージ時計 買取価値を下げない保管術	361_article_resale_value	EXISTING	
2026-07-10	金	4		ロレックス	ロレックス ヴィンテージの箱・保証書 コレクション術	362_article_rolex_box_papers	EXISTING	
2026-07-13	月	1		カルティエ	カルティエ ロンド（サントス ロンド）ヴィンテージ解説	363_article_cartier_ronde	EXISTING	
2026-07-13	月	2		ユニバーサル	ユニバーサル・ジュネーブ ポールルーター	392_article_polerouter	EXISTING	
2026-07-13	月	3		ブライトリング	ブライトリング ナビタイマー Cal.Venus178 vs Cal.11 ムーブメント比較	394_article_navitimer_caliber	EXISTING	
2026-07-13	月	4		ロレックス	ロレックス ヴィンテージ入門	396_article_vintage_first	EXISTING	
2026-07-14	火	1		カルティエ	カルティエ バロン・ブルー初代 解説	364_article_cartier_ballon	EXISTING	
2026-07-14	火	2		ジャガー・ルクルト	ジャガー・ルクルト マスターマリーナ	397_article_master_mariner	EXISTING	
2026-07-14	火	3		セイコー	グランドセイコー 61GS Cal.6145・6146 ハイビート自動巻きの始まり	399_article_gs_61gs	EXISTING	
2026-07-14	火	4		ヴァシュロン	ヴァシュロン・コンスタンタン 222とは？	401_article_vc222	EXISTING	
2026-07-15	水	1		ジャガー・ルクルト	ジャガー・ルクルト メモボックス（Memovox）	398_article_memovox_vintage	EXISTING	
2026-07-15	水	2		ヴァシュロン	ヴァシュロンコンスタンタンとは？ヴィンテージの魅力と代表モデル	402_article_vc_vintage	EXISTING	
2026-07-15	水	3		IWC	IWC ヨットクラブ Cal.8541B	403_article_yacht_club	EXISTING	
2026-07-15	水	4		オメガ	オメガ シーマスター ダイバーズの系譜	404_article_seamaster_diver	EXISTING	
2026-07-16	木	1		ジャガー・ルクルト	ルクルト（JLC）トリプルカレンダー	400_article_triple_calendar	EXISTING	
2026-07-16	木	2		テーマ	バンパー式自動巻きとは？振るとコツンという機構の仕組み	405_article_bumper_rotor_guide	EXISTING	
2026-07-16	木	3		IWC	IWC ポートフィノ vs ポルトギーゼ ヴィンテージ比較	406_article_portofino_vs_portugieser	EXISTING	
2026-07-16	木	4		セイコー	セイコー プレスマチック Cal.5106/5146 ハイビート薄型自動巻き解説	408_article_presmatic	EXISTING	
2026-07-17	金	1	518	その他	ハミルトンというブランドが歩んできた道	518_article_hamilton_intro	NEW	240
2026-07-17	金	2	519	その他	ティソを初めて選ぶ前に、知っておきたい老舗の系譜	519_article_tissot_intro	NEW	240
2026-07-20	月	1	458	ロレックス	ロレックス Cal.3000、変革期のキャリバーを読み解く	458_article_rolex_cal3000	NEW	240
2026-07-20	月	2	496	チューダー	チューダー オイスターロイヤルの中身を見れば、見方が変わるかもしれない	496_article_tudor_royal	NEW	225
2026-07-21	火	1	503	カルティエ	カルティエ パシャの裏スケ仕様、ムーブメントを鑑賞するという選択	503_article_cartier_pasha_seethrough	NEW	225
2026-07-21	火	2	506	その他	ボーム&メルシエ、知名度の壁を越えた先にあるもの	506_article_baume_mercier_unknown	NEW	200
2026-07-22	水	1	505	ブライトリング	30代男性のブライトリング、その「重さ」をどう受けとめるか	505_article_breitling_30s	NEW	180
2026-07-22	水	2	535	IWC	IWC マーク12、軍用思想を継いだパイロットの完成形	535_article_iwc_mk12	NEW	180
2026-07-23	木	1	501	チューダー	チューダー サブマリーナ Ref.79090、80年代後半〜90年代の到達点	501_article_tudor_sub_79090	NEW	150
2026-07-23	木	2	502	カルティエ	カルティエ サントス Ref.0902、ゴドロンブレスのスモールサイズという選択	502_article_cartier_santos_0902	NEW	150
2026-07-24	金	1	515	オリエント	オリエントスター、知る人ぞ知る国産自動巻きの実力	515_article_orient_star	NEW	150
2026-07-24	金	2	490	シチズン	シチズン セブンスター、知れば「ダサい」とは言えなくなる時計	490_article_citizen_seven_star	NEW	150
2026-07-27	月	1	504	その他	50代でタグホイヤーを着けるという選択	504_article_tagheuer_50s	NEW	120
2026-07-27	月	2	517	その他	ハミルトン ベンチュラ、唯一無二の三角形ケースを語る	517_article_hamilton_ventura	NEW	120
2026-07-28	火	1	516	その他	エルメスの時計、ジュエラーが作る本格時計の真価	516_article_hermes_watch	NEW	120
2026-07-28	火	2	534	テーマ	カップルで揃えるヴィンテージ、ペアウォッチという選び方	534_article_pair_watch	NEW	120
2026-07-29	水	1	447	テーマ	世界に愛される日本の腕時計ブランド5選｜ヴィンテージで知る国産時計の魅力	447_article_japanese_brands	NEW	120
2026-07-29	水	2	522	テーマ	クロノグラフはどう進化したのか、その種類と歴史	522_article_chrono_evolution	NEW	120
2026-07-30	木	1	533	テーマ	結婚記念に選ぶヴィンテージ時計、節目の一本という選択	533_article_anniversary	NEW	120
2026-07-30	木	2	527	テーマ	時計の精度を読み解く、日差とクロノメーターの基礎	527_article_accuracy	NEW	120
2026-07-31	金	1	531	テーマ	30代男性のヴィンテージ時計、選ぶときの軸	531_article_30s_vintage_axis	NEW	120
2026-07-31	金	2	455	テーマ	スマホ時代に腕時計を選ぶ意味｜ヴィンテージ時計が持つ、時計にしかない価値	455_article_watch_in_smartphone_era	NEW	120
2026-08-03	月	1	525	テーマ	ヴィンテージ時計のサイズ、手首径から見る選び方	525_article_vintage_size	NEW	120
2026-08-03	月	2	529	テーマ	ヴィンテージ時計と防水性、日常使いで知っておきたい現実	529_article_waterproof	NEW	120
2026-08-04	火	1	454	テーマ	生まれ年のヴィンテージ時計｜節目のプレゼントに選びたい一本の選び方	454_article_birth_year_vintage	NEW	120
2026-08-04	火	2	532	テーマ	40代の2本目、最初の1本との組み合わせから考える	532_article_40s_second	NEW	120
2026-08-05	水	1	451	テーマ	ヴィンテージ時計 裏蓋の刻印ガイド｜リファレンス・シリアル・素材から読み解く5つのポイント	451_article_caseback_engraving	NEW	120
2026-08-05	水	2	524	テーマ	GMT機能は、なぜ生まれたのか	524_article_gmt_birth	NEW	120
2026-08-06	木	1	452	テーマ	手巻き時計の正しい巻き方｜ヴィンテージを長く使うためのリューズ操作ガイド	452_article_hand_wind_usage	NEW	120
2026-08-06	木	2	528	テーマ	時計のバックル、地味なパーツが装着感を左右する	528_article_buckle	NEW	120
2026-08-07	金	1	453	テーマ	ヴィンテージ時計の風防ガイド｜プラスチック・ミネラル・サファイアクリスタルの違い	453_article_crystal_guide	NEW	120
2026-08-07	金	2	526	テーマ	時計のベルト、どれを選ぶかで印象が決まる	526_article_belt_impression	NEW	120
2026-08-10	月	1	448	テーマ	昇進・昇格の節目に選びたいビジネスマン向けヴィンテージ腕時計5選	448_article_business_vintage	NEW	120
2026-08-10	月	2	523	テーマ	ダイバーズウォッチは、海から生まれた	523_article_diver_history	NEW	120
2026-08-11	火	1	530	テーマ	鑑定書とアーカイブ、その紙が時計の価値を決める理由	530_article_archive	NEW	120
2026-08-11	火	2	513	IWC	IWC Cal.853／Cal.8531、ペラトン式自動巻きの完成形	513_article_iwc_cal853	NEW	96
2026-08-12	水	1	487	オメガ	スピードマスター プロフェッショナル、ムーンウォッチの完成期 — Cal.861／Cal.1861世	487_article_speedmaster_3570_50	NEW	80
2026-08-12	水	2	486	オメガ	シーマスター プレ・ボンドの真価	486_article_seamaster_2541_80	NEW	80
2026-08-13	木	1	473	ロレックス	エクスプローラーI Ref.114270、6桁世代へつなぐ1本	473_article_explorer_114270	NEW	80
2026-08-13	木	2	472	ロレックス	サブマリーナ Ref.14060、デイトを外したノンデイトの素の表情	472_article_sub_14060	NEW	80
2026-08-14	金	1	474	ロレックス	デイトジャスト Ref.16234、5桁番手の完成形を読み解く	474_article_dj_16234	NEW	80
2026-08-14	金	2	471	ロレックス	ロレックス GMTマスターII Ref.16710、長く製造された定番GMT	471_article_gmt2_16710	NEW	80
2026-08-17	月	1	475	ロレックス	ヨットマスター Ref.16622 ロレジウム、海と陸を繋ぐスポーツモデル	475_article_yachtmaster_16622	NEW	80
2026-08-17	月	2	499	チューダー	チューダー Cal.7734、Monte-Carloの脈動を生んだ手巻きクロノ	499_article_cal7734	NEW	64
2026-08-18	火	1	498	チューダー	チューダー Cal.2671、80〜90年代を支えた小型自動巻きの実力	498_article_cal2671	NEW	64
2026-08-18	火	2	495	ロンジン	ロンジン Cal.291、自動巻きヴィンテージを支えた1台	495_article_cal291	NEW	64
2026-08-19	水	1	494	セイコー	セイコー Cal.4520／Cal.4522、ハイビートGSの基礎	494_article_cal4520_4522	NEW	64
2026-08-19	水	2	485	オメガ	オメガ Cal.500番台、1950年代の自動巻き革命	485_article_cal500s	NEW	64
2026-08-20	木	1	484	オメガ	オメガ Cal.30T2、戦前から続く堅牢手巻きの系譜	484_article_cal30t2	NEW	64
2026-08-20	木	2	470	ロレックス	ロレックス Cal.1560、デイトジャスト初期を支えた自動巻き	470_article_cal1560	NEW	64
