article_url,page_title,pv_90d,uu_90d,sessions_90d,avg_engagement_sec,first_seen_date,last_seen_date,days_since_first_pv,judgment_label
https://m.firekids.jp/hd_5054_0140_01s_pr2_cmjn/,ブランパンがブラックセラミック製の新作『バチスカーフ コンプリートカレンダー ムーンフェイズ』を発表 – FIREKIDS MAGAZINE,1,1,1,,2026-04-24,2026-04-24,13,D: 非公開候補
https://m.firekids.jp/gblt996_caseback_rgb/,世界で30本のみ。クレドール50周年を記念した瑠璃金彩の磁器ダイヤル『叡智Ⅱ』限定モデル – FIREKIDS MAGAZINE,1,1,1,,2026-04-01,2026-04-01,36,D: 非公開候補
http://m.firekids.jp/00/5467/,ロレックスに革ベルトの腕時計はある？特徴と魅力を徹底解説 – FIREKIDS MAGAZINE,1,1,1,,2026-04-27,2026-04-27,10,D: 非公開候補
https://m.firekids.jp/sub4-2/,タグ・ホイヤーが新作『アクアレーサー プロフェッショナル300』デイトとGMTの2種類を発表 – FIREKIDS MAGAZINE,1,1,1,,2026-04-20,2026-04-20,17,D: 非公開候補
https://m.firekids.jp/dsc03594/,服と時計のバランスで選んだIWC『ポルトギーゼ』。20本以上試して残った1本 – FIREKIDS MAGAZINE,2,1,1,,2026-04-14,2026-04-14,23,D: 非公開候補
https://m.firekids.jp/00/7935/pp26020401/,ホワイトゴールドの時計 – FIREKIDS MAGAZINE,2,1,1,,2026-04-15,2026-04-15,22,D: 非公開候補
http://m.firekids.jp/00/3480/,腕時計の種類はどのくらい？時計の用途や機構、機能の種類を解説 – FIREKIDS MAGAZINE,2,1,1,,2026-05-03,2026-05-03,4,D: 非公開候補
https://m.firekids.jp/dsc00043/,成人祝いに贈られたオメガ『シーマスター』。人生初の腕時計は父親から – FIREKIDS MAGAZINE,2,1,1,,2026-04-14,2026-04-14,23,D: 非公開候補
https://m.firekids.jp/web/,300本限定。ピアジェより150周年記念42mm・36mmモデル『ピアジェ ポロ デイト』が登場 – FIREKIDS MAGAZINE,2,1,1,,2026-04-15,2026-04-15,22,D: 非公開候補
https://m.firekids.jp/mda_ttts_mof_2405a-000g-h021_4/,ヴァシュロン・コンスタンタンが「海水江崖」を表現したメティエ・ダール新作を発表 – FIREKIDS MAGAZINE,2,1,1,,2026-04-19,2026-04-19,18,D: 非公開候補
http://m.firekids.jp/05/4136/,ヴィンテージのダイバーズウォッチ、コスパ最強モデル10選！ – FIREKIDS MAGAZINE,2,1,1,,2026-05-02,2026-05-02,5,D: 非公開候補
https://m.firekids.jp/1-omega_522-30-43-51-02-001/,オメガ2024新作、パリ五輪カラーを纏った『スピードマスター クロノスコープ』を発表 – FIREKIDS MAGAZINE,2,1,2,,2026-04-17,2026-04-17,20,D: 非公開候補
https://m.firekids.jp/stacked-from-41-images-methodb-r7s3/,ウブロより年に1度の特別モデル『クラシック・フュージョン エッセンシャル グレー』がオンライン限定で登場 – FIREKIDS MAGAZINE,2,1,2,,2026-04-15,2026-04-15,22,D: 非公開候補
https://m.firekids.jp/00/686/,【インスタグラム・ライブ掲載14】2022.7.31　粒揃いのモデルが並ぶオメガからは、あのファーストムーンウォッチが登場！キャタピラーブレス付きの希少モデルは必見 – FIREKIDS MAGAZINE,2,1,2,,2026-03-04,2026-03-04,64,D: 非公開候補
https://m.firekids.jp/tissot_メイン画像1280x600/,Tissot_メイン画像1280×600 – FIREKIDS MAGAZINE,2,1,2,,2026-04-21,2026-04-21,16,D: 非公開候補
https://m.firekids.jp/hublot_classic-fusion-essential-grey-511-nx-5610-nr-hec24-542-nx-5610-nr-hec24-ls-horizontal-original/,ウブロより年に1度の特別モデル『クラシック・フュージョン エッセンシャル グレー』がオンライン限定で登場 – FIREKIDS MAGAZINE,2,1,2,,2026-04-21,2026-04-21,16,D: 非公開候補
https://m.firekids.jp/sub9/,300本限定。ピアジェより150周年記念42mm・36mmモデル『ピアジェ ポロ デイト』が登場 – FIREKIDS MAGAZINE,2,1,2,,2026-04-21,2026-04-21,16,D: 非公開候補
https://m.firekids.jp/2400a_000r_h024_still_duo/,ヴァシュロン・コンスタンタンが「海水江崖」を表現したメティエ・ダール新作を発表 – FIREKIDS MAGAZINE,2,1,2,,2026-04-20,2026-04-20,17,D: 非公開候補
http://m.firekids.jp/00/7715/,クラフトマンシップとは？時計で分かる意味と本質的価値 – FIREKIDS MAGAZINE,2,1,2,,2026-05-04,2026-05-04,3,D: 非公開候補
https://m.firekids.jp/sub1-3/,タグ・ホイヤーが新作『アクアレーサー プロフェッショナル300』デイトとGMTの2種類を発表 – FIREKIDS MAGAZINE,2,1,2,,2026-04-17,2026-04-17,20,D: 非公開候補
https://m.firekids.jp/5525-caseback/,「ブレゲ ブティック銀座」がリニューアルオープン。『マリーン』より日本限定2モデルが各25本登場 – FIREKIDS MAGAZINE,2,1,2,,2026-04-15,2026-04-15,22,D: 非公開候補
https://m.firekids.jp/dsc03531/,服と時計のバランスで選んだIWC『ポルトギーゼ』。20本以上試して残った1本 – FIREKIDS MAGAZINE,2,1,2,,2026-04-21,2026-04-21,16,D: 非公開候補
https://m.firekids.jp/sub1-2/,300本限定。ピアジェより150周年記念42mm・36mmモデル『ピアジェ ポロ デイト』が登場 – FIREKIDS MAGAZINE,2,1,2,,2026-04-16,2026-04-16,21,D: 非公開候補
https://m.firekids.jp/00/7259/5g1a8213インスタ/,5G1A8213インスタ – FIREKIDS MAGAZINE,2,1,2,,2026-04-16,2026-04-16,21,D: 非公開候補
https://m.firekids.jp/aq4100-57m_kv/,世界限定250本。The CITIZENより年差±5秒の新作モデルが登場 – FIREKIDS MAGAZINE,2,1,2,,2026-04-26,2026-04-26,11,D: 非公開候補
https://m.firekids.jp/sub12/,タグ・ホイヤーが新作『アクアレーサー プロフェッショナル300』デイトとGMTの2種類を発表 – FIREKIDS MAGAZINE,2,1,2,,2026-04-21,2026-04-21,16,D: 非公開候補
https://m.firekids.jp/ティソ_4横ギャラリー2列_スライドギャラリー1610x1000/,ティソ_4横ギャラリー(2列)_スライドギャラリー1610×1000 – FIREKIDS MAGAZINE,2,1,2,,2026-04-16,2026-04-16,21,D: 非公開候補
https://m.firekids.jp/00/544/,【インスタグラム・ライブ掲載18】2022.8.10　野村店長のオススメ3選 – FIREKIDS MAGAZINE,2,1,2,,2026-04-16,2026-04-16,21,D: 非公開候補
https://m.firekids.jp/tis-adv-pr100-tdf-product-kv-16-9/,ティソの代表的コレクション『R100』を再考。2つスポーツエディションが登場 – FIREKIDS MAGAZINE,2,1,2,,2026-04-22,2026-04-22,15,D: 非公開候補
https://m.firekids.jp/2400a_000g_h023_still/,ヴァシュロン・コンスタンタンが「海水江崖」を表現したメティエ・ダール新作を発表 – FIREKIDS MAGAZINE,2,1,2,,2026-04-15,2026-04-15,22,D: 非公開候補
https://m.firekids.jp/credor_gccr999_a/,クレドール50周年を記念。ジェラルド・ジェンタ氏が手掛けた『クレドール ロコモティブ』が復活 – FIREKIDS MAGAZINE,2,1,2,,2026-04-20,2026-04-20,17,D: 非公開候補
https://m.firekids.jp/2400a_000r_h024_2400a_000g_h023_still_quatuor/,ヴァシュロン・コンスタンタンが「海水江崖」を表現したメティエ・ダール新作を発表 – FIREKIDS MAGAZINE,3,2,2,,2026-04-16,2026-04-22,21,D: 非公開候補
https://m.firekids.jp/2400a_000r_h024_lifestyle/,ヴァシュロン・コンスタンタンが「海水江崖」を表現したメティエ・ダール新作を発表 – FIREKIDS MAGAZINE,3,2,3,,2026-04-15,2026-04-21,22,D: 非公開候補
https://m.firekids.jp/jpg-t150_417_11_051_01_set/,ティソの代表的コレクション『R100』を再考。2つスポーツエディションが登場 – FIREKIDS MAGAZINE,3,2,3,,2026-04-15,2026-04-21,22,D: 非公開候補
https://m.firekids.jp/00/6144/dsc00045/,成人祝いに贈られたオメガ『シーマスター』。人生初の腕時計は父親から – FIREKIDS MAGAZINE,3,2,3,,2026-04-14,2026-04-20,23,D: 非公開候補
https://m.firekids.jp/dsc03524/,服と時計のバランスで選んだIWC『ポルトギーゼ』。20本以上試して残った1本 – FIREKIDS MAGAZINE,3,2,3,,2026-04-16,2026-04-21,21,D: 非公開候補
https://m.firekids.jp/aq4100-57m_img01/,世界限定250本。The CITIZENより年差±5秒の新作モデルが登場 – FIREKIDS MAGAZINE,3,2,3,,2026-04-15,2026-04-20,22,D: 非公開候補
https://m.firekids.jp/_24a0109/,「ブレゲ ブティック銀座」がリニューアルオープン。『マリーン』より日本限定2モデルが各25本登場 – FIREKIDS MAGAZINE,3,2,3,,2026-04-15,2026-04-20,22,D: 非公開候補
https://m.firekids.jp/tag-heuer_main/,タグ・ホイヤーが新作『アクアレーサー プロフェッショナル300』デイトとGMTの2種類を発表 – FIREKIDS MAGAZINE,3,2,3,,2026-04-15,2026-04-21,22,D: 非公開候補
https://m.firekids.jp/main-5/,タグ・ホイヤーとホディンキー3度目のコラボレーションで名作「シーファーラー」が復刻 – FIREKIDS MAGAZINE,3,2,3,,2026-04-15,2026-04-21,22,D: 非公開候補
https://m.firekids.jp/sub1-5/,世界で50本のみ。ブライトリングよりアイスグレーの日本限定モデルが登場 – FIREKIDS MAGAZINE,3,2,3,,2026-04-16,2026-04-21,21,D: 非公開候補
https://m.firekids.jp/_24a0277/,「ブレゲ ブティック銀座」がリニューアルオープン。『マリーン』より日本限定2モデルが各25本登場 – FIREKIDS MAGAZINE,3,2,3,,2026-04-16,2026-04-22,21,D: 非公開候補
https://m.firekids.jp/pam01579_det_01_c/,パネライより300m防水の新作『サブマーシブル ルナ・ロッサ』が登場 – FIREKIDS MAGAZINE,3,2,3,,2026-04-15,2026-04-21,22,D: 非公開候補
https://m.firekids.jp/jpg-t150_417_11_051_01_1/,ティソの代表的コレクション『R100』を再考。2つスポーツエディションが登場 – FIREKIDS MAGAZINE,3,2,3,,2026-04-16,2026-04-22,21,D: 非公開候補
https://m.firekids.jp/tis-adv-pr100-tdf-product-kv-red-16-9/,ティソの代表的コレクション『R100』を再考。2つスポーツエディションが登場 – FIREKIDS MAGAZINE,4,2,2,,2026-04-15,2026-04-22,22,D: 非公開候補
https://m.firekids.jp/beautiful-designed-swimming-pool-with-transparent-blue-water-and-white-marble-luxury-floor-sport-recreation-and-background-photo/,アイコニックなドレスウォッチ。キングセイコー新シリーズ『KS1969』と100周年記念モデルを発表 – FIREKIDS MAGAZINE,4,2,2,,2026-04-15,2026-04-21,22,D: 非公開候補
https://m.firekids.jp/5515_5525/,「ブレゲ ブティック銀座」がリニューアルオープン。『マリーン』より日本限定2モデルが各25本登場 – FIREKIDS MAGAZINE,4,2,2,,2026-04-15,2026-04-21,22,D: 非公開候補
https://m.firekids.jp/dsc00065/,成人祝いに贈られたオメガ『シーマスター』。人生初の腕時計は父親から – FIREKIDS MAGAZINE,4,2,2,,2026-04-14,2026-04-19,23,D: 非公開候補
https://m.firekids.jp/seiko_sdka019_a/,アイコニックなドレスウォッチ。キングセイコー新シリーズ『KS1969』と100周年記念モデルを発表 – FIREKIDS MAGAZINE,4,2,2,,2026-04-15,2026-04-19,22,D: 非公開候補
https://m.firekids.jp/dsc00082/,成人祝いに贈られたオメガ『シーマスター』。人生初の腕時計は父親から – FIREKIDS MAGAZINE,4,2,2,,2026-04-14,2026-04-20,23,D: 非公開候補
https://m.firekids.jp/sub2-2/,世界で50本のみ。ブライトリングよりアイスグレーの日本限定モデルが登場 – FIREKIDS MAGAZINE,4,2,3,,2026-04-17,2026-04-21,20,D: 非公開候補
https://m.firekids.jp/00/4285/,ヴィンテージウォッチと相性抜群なスエードブルゾン – FIREKIDS MAGAZINE,4,2,3,,2026-02-22,2026-04-16,74,D: 非公開候補
https://m.firekids.jp/00/6535/,シチズンの新しい取り組みは光発電エコ・ドライブの再生ポリカーボネート化 – FIREKIDS MAGAZINE,4,2,3,,2026-02-23,2026-04-24,73,D: 非公開候補
https://m.firekids.jp/00/8545/,シチズン エース・ジェットの世界｜企業特注モデルからジェットローターまで解説 – FIREKIDS MAGAZINE,4,2,3,,2026-05-06,2026-05-06,1,D: 非公開候補
https://m.firekids.jp/credor_gccr999_g/,クレドール50周年を記念。ジェラルド・ジェンタ氏が手掛けた『クレドール ロコモティブ』が復活 – FIREKIDS MAGAZINE,4,2,3,,2026-04-15,2026-04-21,22,D: 非公開候補
https://m.firekids.jp/3-omega_522-60-43-51-02-001/,オメガ2024新作、パリ五輪カラーを纏った『スピードマスター クロノスコープ』を発表 – FIREKIDS MAGAZINE,4,2,3,,2026-04-15,2026-04-20,22,D: 非公開候補
https://m.firekids.jp/jpg-t150_417_11_051_00_detail-1/,ティソの代表的コレクション『R100』を再考。2つスポーツエディションが登場 – FIREKIDS MAGAZINE,4,2,3,,2026-04-15,2026-04-22,22,D: 非公開候補
https://m.firekids.jp/00/6144/dsc00028/,成人祝いに贈られたオメガ『シーマスター』。人生初の腕時計は父親から – FIREKIDS MAGAZINE,4,2,3,,2026-04-15,2026-04-20,22,D: 非公開候補
https://m.firekids.jp/hublot_classic-fusion-essential-grey-542-nx-5610-nr-hec24-ls-horizontal-original/,ウブロより年に1度の特別モデル『クラシック・フュージョン エッセンシャル グレー』がオンライン限定で登場 – FIREKIDS MAGAZINE,4,2,3,,2026-04-15,2026-04-21,22,D: 非公開候補
https://m.firekids.jp/lens-position-3972/,オメガ2024新作、パリ五輪カラーを纏った『スピードマスター クロノスコープ』を発表 – FIREKIDS MAGAZINE,4,2,3,,2026-04-15,2026-04-21,22,D: 非公開候補
https://m.firekids.jp/tissot_2横ギャラリー2列_スライドギャラリー1610x1000/,Tissot_2横ギャラリー(2列)_スライドギャラリー1610×1000 – FIREKIDS MAGAZINE,4,2,3,,2026-04-15,2026-04-21,22,D: 非公開候補
https://m.firekids.jp/ティソ_3横ギャラリー2列_スライドギャラリー1610x1000/,ティソ_3横ギャラリー(2列)_スライドギャラリー1610×1000 – FIREKIDS MAGAZINE,4,2,3,,2026-04-16,2026-04-21,21,D: 非公開候補
https://m.firekids.jp/5525_a/,「ブレゲ ブティック銀座」がリニューアルオープン。『マリーン』より日本限定2モデルが各25本登場 – FIREKIDS MAGAZINE,4,2,3,,2026-04-16,2026-04-21,21,D: 非公開候補
https://m.firekids.jp/main-8/,ロンジン スピリット『フライバック』と『Zulu Time』に待望の新作が登場 – FIREKIDS MAGAZINE,4,2,3,,2026-04-15,2026-04-21,22,D: 非公開候補
https://m.firekids.jp/credor_gccr999_e/,クレドール50周年を記念。ジェラルド・ジェンタ氏が手掛けた『クレドール ロコモティブ』が復活 – FIREKIDS MAGAZINE,4,2,3,,2026-04-16,2026-04-20,21,D: 非公開候補
https://m.firekids.jp/main-6/,世界で50本のみ。ブライトリングよりアイスグレーの日本限定モデルが登場 – FIREKIDS MAGAZINE,4,2,3,,2026-04-15,2026-04-20,22,D: 非公開候補
https://m.firekids.jp/5515-caseback/,「ブレゲ ブティック銀座」がリニューアルオープン。『マリーン』より日本限定2モデルが各25本登場 – FIREKIDS MAGAZINE,4,2,3,,2026-04-16,2026-04-20,21,D: 非公開候補
https://m.firekids.jp/ティソ_7横ギャラリー2列_スライドギャラリー1610x1000/,ティソ_7横ギャラリー(2列)_スライドギャラリー1610×1000 – FIREKIDS MAGAZINE,4,2,3,,2026-04-18,2026-04-24,19,D: 非公開候補
https://m.firekids.jp/nb6026-56l_b_shot/,『シチズン プロマスター』より35周年記念の限定モデル第一弾・メカニカル ダイバー200mが登場 – FIREKIDS MAGAZINE,4,2,3,,2026-04-16,2026-04-20,21,D: 非公開候補
https://m.firekids.jp/ハナコのwatch-life_vol7サムネ-2/,ハナコのWATCH LIFE_vol7サムネ – FIREKIDS MAGAZINE,4,2,3,,2026-04-14,2026-04-19,23,D: 非公開候補
https://m.firekids.jp/seiko_1969_original/,アイコニックなドレスウォッチ。キングセイコー新シリーズ『KS1969』と100周年記念モデルを発表 – FIREKIDS MAGAZINE,4,2,3,,2026-04-15,2026-04-20,22,D: 非公開候補
https://m.firekids.jp/ティソ_5横ギャラリー2列_スライドギャラリー1610x1000/,ティソ_5横ギャラリー(2列)_スライドギャラリー1610×1000 – FIREKIDS MAGAZINE,4,2,3,,2026-04-15,2026-04-20,22,D: 非公開候補
https://m.firekids.jp/writers/戸叶庸之/グループ-1182/,グループ 1182 – FIREKIDS MAGAZINE,4,2,3,,2026-04-15,2026-04-21,22,D: 非公開候補
https://m.firekids.jp/web-2/,クレドール50周年を記念。ジェラルド・ジェンタ氏が手掛けた『クレドール ロコモティブ』が復活 – FIREKIDS MAGAZINE,4,2,3,,2026-04-16,2026-04-21,21,D: 非公開候補
https://m.firekids.jp/_24a0028/,「ブレゲ ブティック銀座」がリニューアルオープン。『マリーン』より日本限定2モデルが各25本登場 – FIREKIDS MAGAZINE,4,2,3,,2026-04-16,2026-04-21,21,D: 非公開候補
https://m.firekids.jp/jpg-t150_417_11_051_00_1/,ティソの代表的コレクション『R100』を再考。2つスポーツエディションが登場 – FIREKIDS MAGAZINE,4,2,3,,2026-04-16,2026-04-24,21,D: 非公開候補
https://m.firekids.jp/00/7970/vc26021302/,ヴァシュロン・コンスタンタン – FIREKIDS MAGAZINE,4,2,3,,2026-04-14,2026-04-20,23,D: 非公開候補
https://m.firekids.jp/aq4100-57m_img02/,世界限定250本。The CITIZENより年差±5秒の新作モデルが登場 – FIREKIDS MAGAZINE,4,2,3,,2026-04-15,2026-04-19,22,D: 非公開候補
https://m.firekids.jp/hublot_classic-fusion-essential-grey-511-nx-5610-nr-hec24-pr-hr-b-digital-original/,ウブロより年に1度の特別モデル『クラシック・フュージョン エッセンシャル グレー』がオンライン限定で登場 – FIREKIDS MAGAZINE,4,2,3,,2026-04-16,2026-04-21,21,D: 非公開候補
https://m.firekids.jp/sub7/,300本限定。ピアジェより150周年記念42mm・36mmモデル『ピアジェ ポロ デイト』が登場 – FIREKIDS MAGAZINE,4,2,3,,2026-04-16,2026-04-20,21,D: 非公開候補
https://m.firekids.jp/pam01579/,パネライより300m防水の新作『サブマーシブル ルナ・ロッサ』が登場 – FIREKIDS MAGAZINE,4,2,3,,2026-04-15,2026-04-21,22,D: 非公開候補
https://m.firekids.jp/00/7970/vc26021301/,ヴァシュロン・コンスタンタン – FIREKIDS MAGAZINE,4,2,3,,2026-04-15,2026-04-20,22,D: 非公開候補
https://m.firekids.jp/2400a_000g_h023_still_duo/,ヴァシュロン・コンスタンタンが「海水江崖」を表現したメティエ・ダール新作を発表 – FIREKIDS MAGAZINE,4,2,3,,2026-04-16,2026-05-01,21,D: 非公開候補
https://m.firekids.jp/main-4/,300本限定。ピアジェより150周年記念42mm・36mmモデル『ピアジェ ポロ デイト』が登場 – FIREKIDS MAGAZINE,4,2,3,,2026-04-16,2026-04-21,21,D: 非公開候補
https://m.firekids.jp/00/5849/ハナコのwatch-life8サムネ/,ハナコのWATCH LIFE8サムネ – FIREKIDS MAGAZINE,4,2,4,,2026-04-14,2026-04-20,23,D: 非公開候補
http://m.firekids.jp/00/6540/,ユンハンスの腕時計は恥ずかしい？ユンハンスの魅力とおすすめヴィンテージ – FIREKIDS MAGAZINE,4,2,4,,2026-05-06,2026-05-06,1,D: 非公開候補
https://m.firekids.jp/gblt996_a_rgb/,世界で30本のみ。クレドール50周年を記念した瑠璃金彩の磁器ダイヤル『叡智Ⅱ』限定モデル – FIREKIDS MAGAZINE,4,2,4,,2026-04-15,2026-04-20,22,D: 非公開候補
https://m.firekids.jp/00/5447/ハナコのwatch-life_vol7サムネ/,ハナコのWATCH LIFE_vol7サムネ – FIREKIDS MAGAZINE,4,2,4,,2026-04-15,2026-04-21,22,D: 非公開候補
https://m.firekids.jp/prm-marine_35th_kv/,『シチズン プロマスター』より35周年記念の限定モデル第一弾・メカニカル ダイバー200mが登場 – FIREKIDS MAGAZINE,4,2,4,,2026-04-15,2026-04-20,22,D: 非公開候補
https://m.firekids.jp/00/7958/ro26021402/,デイデイト、デイトジャスト – FIREKIDS MAGAZINE,4,2,4,,2026-04-15,2026-04-20,22,D: 非公開候補
https://m.firekids.jp/sub5-3/,タグ・ホイヤーが新作『アクアレーサー プロフェッショナル300』デイトとGMTの2種類を発表 – FIREKIDS MAGAZINE,4,2,4,,2026-04-15,2026-04-20,22,D: 非公開候補
https://m.firekids.jp/00/7935/pp26020402/,ホワイトゴールドの時計 – FIREKIDS MAGAZINE,4,2,4,,2026-04-15,2026-04-19,22,D: 非公開候補
https://m.firekids.jp/sub5-4/,タグ・ホイヤーとホディンキー3度目のコラボレーションで名作「シーファーラー」が復刻 – FIREKIDS MAGAZINE,4,2,4,,2026-04-15,2026-04-20,22,D: 非公開候補
https://m.firekids.jp/dsc03558/,服と時計のバランスで選んだIWC『ポルトギーゼ』。20本以上試して残った1本 – FIREKIDS MAGAZINE,4,2,4,,2026-04-15,2026-04-20,22,D: 非公開候補
https://m.firekids.jp/00/5360/_watch-life6-サムネ/,_WATCH LIFE6 サムネ – FIREKIDS MAGAZINE,4,2,4,,2026-04-15,2026-04-19,22,D: 非公開候補
https://m.firekids.jp/sub1-7/,ロンジン スピリット『フライバック』と『Zulu Time』に待望の新作が登場 – FIREKIDS MAGAZINE,4,2,4,,2026-04-15,2026-04-21,22,D: 非公開候補
https://m.firekids.jp/seiko_sdka021_a/,アイコニックなドレスウォッチ。キングセイコー新シリーズ『KS1969』と100周年記念モデルを発表 – FIREKIDS MAGAZINE,4,2,4,,2026-04-16,2026-04-21,21,D: 非公開候補
https://m.firekids.jp/00/7888/vc26011302/,ヴァシュロン・コンスタンタン – FIREKIDS MAGAZINE,4,2,4,,2026-04-15,2026-04-21,22,D: 非公開候補
https://m.firekids.jp/00/7846/rd25122302/,ロレックスデイトジャスト – FIREKIDS MAGAZINE,4,2,4,,2026-04-15,2026-04-21,22,D: 非公開候補
https://m.firekids.jp/seiko_sdka017_a/,アイコニックなドレスウォッチ。キングセイコー新シリーズ『KS1969』と100周年記念モデルを発表 – FIREKIDS MAGAZINE,4,2,4,,2026-04-15,2026-04-21,22,D: 非公開候補
https://m.firekids.jp/sub1-4/,タグ・ホイヤーとホディンキー3度目のコラボレーションで名作「シーファーラー」が復刻 – FIREKIDS MAGAZINE,4,2,4,,2026-04-14,2026-04-19,23,D: 非公開候補
https://m.firekids.jp/sub7-2/,タグ・ホイヤーが新作『アクアレーサー プロフェッショナル300』デイトとGMTの2種類を発表 – FIREKIDS MAGAZINE,4,2,4,,2026-04-16,2026-04-20,21,D: 非公開候補
https://m.firekids.jp/p900/,パネライより300m防水の新作『サブマーシブル ルナ・ロッサ』が登場 – FIREKIDS MAGAZINE,4,2,4,,2026-04-16,2026-04-20,21,D: 非公開候補
https://m.firekids.jp/sub2-3/,ロンジン スピリット『フライバック』と『Zulu Time』に待望の新作が登場 – FIREKIDS MAGAZINE,4,2,4,,2026-04-16,2026-04-24,21,D: 非公開候補
https://m.firekids.jp/dsc03545/,服と時計のバランスで選んだIWC『ポルトギーゼ』。20本以上試して残った1本 – FIREKIDS MAGAZINE,4,2,4,,2026-04-15,2026-04-22,22,D: 非公開候補
https://m.firekids.jp/00/7966/vc26021402/,リシュモングループの時計 – FIREKIDS MAGAZINE,4,2,4,,2026-04-18,2026-04-25,19,D: 非公開候補
https://m.firekids.jp/sub1-6/,ロンジン スピリット『フライバック』と『Zulu Time』に待望の新作が登場 – FIREKIDS MAGAZINE,4,2,4,,2026-04-15,2026-04-20,22,D: 非公開候補
https://m.firekids.jp/mda_ttts_mof_2400a-000r-h024_7/,ヴァシュロン・コンスタンタンが「海水江崖」を表現したメティエ・ダール新作を発表 – FIREKIDS MAGAZINE,4,2,4,,2026-04-15,2026-04-21,22,D: 非公開候補
https://m.firekids.jp/dsc00076/,成人祝いに贈られたオメガ『シーマスター』。人生初の腕時計は父親から – FIREKIDS MAGAZINE,4,2,4,,2026-04-15,2026-04-20,22,D: 非公開候補
https://m.firekids.jp/sub2/,タグ・ホイヤーとホディンキー3度目のコラボレーションで名作「シーファーラー」が復刻 – FIREKIDS MAGAZINE,4,2,4,,2026-04-15,2026-04-20,22,D: 非公開候補
https://m.firekids.jp/dsc03554/,服と時計のバランスで選んだIWC『ポルトギーゼ』。20本以上試して残った1本 – FIREKIDS MAGAZINE,4,2,4,,2026-04-15,2026-04-23,22,D: 非公開候補
https://m.firekids.jp/2400a-000r-h024_v/,ヴァシュロン・コンスタンタンが「海水江崖」を表現したメティエ・ダール新作を発表 – FIREKIDS MAGAZINE,4,2,4,,2026-04-14,2026-04-20,23,D: 非公開候補
https://m.firekids.jp/1-omega_522-60-43-51-02-001/,オメガ2024新作、パリ五輪カラーを纏った『スピードマスター クロノスコープ』を発表 – FIREKIDS MAGAZINE,4,2,4,,2026-04-16,2026-04-20,21,D: 非公開候補
https://m.firekids.jp/credor_original_1979_locomotive_sketch/,クレドール50周年を記念。ジェラルド・ジェンタ氏が手掛けた『クレドール ロコモティブ』が復活 – FIREKIDS MAGAZINE,4,2,4,,2026-04-16,2026-04-20,21,D: 非公開候補
https://m.firekids.jp/dsc03564/,服と時計のバランスで選んだIWC『ポルトギーゼ』。20本以上試して残った1本 – FIREKIDS MAGAZINE,4,2,4,,2026-04-14,2026-04-20,23,D: 非公開候補
https://m.firekids.jp/ティソ_1横ギャラリー2列_スライドギャラリー1610x1000/,ティソ_1横ギャラリー(2列)_スライドギャラリー1610×1000 – FIREKIDS MAGAZINE,4,2,4,,2026-04-16,2026-04-24,21,D: 非公開候補
https://m.firekids.jp/pam01579_det_03_b/,パネライより300m防水の新作『サブマーシブル ルナ・ロッサ』が登場 – FIREKIDS MAGAZINE,4,2,4,,2026-04-16,2026-04-21,21,D: 非公開候補
https://m.firekids.jp/5515_a/,「ブレゲ ブティック銀座」がリニューアルオープン。『マリーン』より日本限定2モデルが各25本登場 – FIREKIDS MAGAZINE,4,2,4,,2026-04-16,2026-04-21,21,D: 非公開候補
https://m.firekids.jp/ティソ_6横ギャラリー2列_スライドギャラリー1610x1000/,ティソ_6横ギャラリー(2列)_スライドギャラリー1610×1000 – FIREKIDS MAGAZINE,4,2,4,,2026-04-16,2026-04-21,21,D: 非公開候補
https://m.firekids.jp/writers/鈴木-文彦/名畑プロフィール写真/,名畑プロフィール写真 – FIREKIDS MAGAZINE,4,2,4,,2026-04-16,2026-04-20,21,D: 非公開候補
https://m.firekids.jp/seiko_sdka023_c/,アイコニックなドレスウォッチ。キングセイコー新シリーズ『KS1969』と100周年記念モデルを発表 – FIREKIDS MAGAZINE,4,2,4,,2026-04-16,2026-04-26,21,D: 非公開候補
https://m.firekids.jp/nb6026-56l_img03/,『シチズン プロマスター』より35周年記念の限定モデル第一弾・メカニカル ダイバー200mが登場 – FIREKIDS MAGAZINE,4,2,4,,2026-04-15,2026-04-26,22,D: 非公開候補
https://m.firekids.jp/hd_5054_0140_01s_pr_profil_couronne_cmjn/,ブランパンがブラックセラミック製の新作『バチスカーフ コンプリートカレンダー ムーンフェイズ』を発表 – FIREKIDS MAGAZINE,4,2,4,,2026-04-15,2026-04-21,22,D: 非公開候補
https://m.firekids.jp/jpg-t150_417_11_051_00_set/,ティソの代表的コレクション『R100』を再考。2つスポーツエディションが登場 – FIREKIDS MAGAZINE,4,2,4,,2026-04-15,2026-04-21,22,D: 非公開候補
https://m.firekids.jp/4-omega_522-30-43-51-02-001/,オメガ2024新作、パリ五輪カラーを纏った『スピードマスター クロノスコープ』を発表 – FIREKIDS MAGAZINE,4,2,4,,2026-04-15,2026-04-20,22,D: 非公開候補
https://m.firekids.jp/5054_0153_01s_pr_rgb/,ブランパンがブラックセラミック製の新作『バチスカーフ コンプリートカレンダー ムーンフェイズ』を発表 – FIREKIDS MAGAZINE,4,2,4,,2026-04-15,2026-04-21,22,D: 非公開候補
https://m.firekids.jp/xxl_5054_0140_01s_pr_cmjn/,ブランパンがブラックセラミック製の新作『バチスカーフ コンプリートカレンダー ムーンフェイズ』を発表 – FIREKIDS MAGAZINE,4,2,4,,2026-04-16,2026-04-20,21,D: 非公開候補
https://m.firekids.jp/sub11/,タグ・ホイヤーが新作『アクアレーサー プロフェッショナル300』デイトとGMTの2種類を発表 – FIREKIDS MAGAZINE,4,2,4,,2026-04-16,2026-04-20,21,D: 非公開候補
https://m.firekids.jp/stacked-from-9-images-methodb-r8s4/,オメガ2024新作、パリ五輪カラーを纏った『スピードマスター クロノスコープ』を発表 – FIREKIDS MAGAZINE,4,2,4,,2026-04-16,2026-04-20,21,D: 非公開候補
https://m.firekids.jp/main-7/,ロンジン スピリット『フライバック』と『Zulu Time』に待望の新作が登場 – FIREKIDS MAGAZINE,4,2,4,,2026-04-14,2026-04-20,23,D: 非公開候補
https://m.firekids.jp/00/8544/,シチズン クリスタルセブン・レオパール解説｜カットガラスとカラーダイヤルの国産自動巻き – FIREKIDS MAGAZINE,6,2,4,,2026-05-06,2026-05-06,1,D: 非公開候補
https://m.firekids.jp/37/1627/,ヴィンテージドレスウォッチで淑女の魅力を高める – FIREKIDS MAGAZINE,6,3,4,,2026-03-14,2026-04-16,54,D: 非公開候補
https://m.firekids.jp/00/8543/,ジャガー・ルクルト ヴィンテージ キャリバー 一覧｜1940〜80年代の主要Cal.を解説 – FIREKIDS MAGAZINE,6,3,5,,2026-05-06,2026-05-06,1,D: 非公開候補
https://m.firekids.jp/00/1067/,ムーブメントとの組み合わせを愉しめるのも、アンティークウォッチならでは – FIREKIDS MAGAZINE,6,3,5,,2026-04-16,2026-05-01,21,D: 非公開候補
https://m.firekids.jp/00/725/,【インスタグラム・ライブ掲載13】2022.7.27　アンティークウォッチの悪いところを語るセッション。欠点も愛おしくなるのが、アンティーク好き！ – FIREKIDS MAGAZINE,6,3,5,,2026-02-27,2026-04-15,69,D: 非公開候補
https://m.firekids.jp/00/3953/,ベーシックなブラック無地タイプのダウンベストにマッチする時計 – FIREKIDS MAGAZINE,8,4,4,,2026-03-01,2026-04-30,67,D: 非公開候補
https://m.firekids.jp/00/4888/,「ブレゲ ブティック銀座」がリニューアルオープン。『マリーン』より日本限定2モデルが各25本登場 – FIREKIDS MAGAZINE,8,4,5,,2026-02-16,2026-04-29,80,D: 非公開候補
https://m.firekids.jp/00/6322/,シチズンの人気モデル『シリーズ エイト』の新作はGMT機能付きのゴールドカラー – FIREKIDS MAGAZINE,8,4,5,,2026-02-10,2026-04-15,86,D: 非公開候補
https://m.firekids.jp/00/7247/,父の日に“今さら時計？”それでもヴィンテージが選ばれる理由 – FIREKIDS MAGAZINE,8,4,6,,2026-02-16,2026-04-16,80,D: 非公開候補
https://m.firekids.jp/00/3619/,【オメガ】2023年下半期PV数の多かった人気時計ランキング！ – FIREKIDS MAGAZINE,8,4,6,,2026-02-23,2026-04-01,73,D: 非公開候補
https://m.firekids.jp/00/785/,【インスタグラム・ライブ掲載8　2022.7.3　もっとも資産価値の高いブランド、ロレックスを50本以上在庫する、ファイアーキッズならではのオススメ3本！ – FIREKIDS MAGAZINE,8,3,7,,2026-03-04,2026-04-30,64,D: 非公開候補
https://m.firekids.jp/00/3940/,ロレックスを定価で買うことはできる？購入のための５つのポイント – FIREKIDS MAGAZINE,8,4,8,,2026-02-27,2026-04-15,69,D: 非公開候補
https://m.firekids.jp/00/1637/,ヴィンテージウォッチとカジュアルスタイルの完璧な組み合わせ＜レディス編＞ – FIREKIDS MAGAZINE,8,4,8,,2026-03-02,2026-04-16,66,D: 非公開候補
https://m.firekids.jp/00/4016/,ブライトリングより気球の一部を使用した『エアロスペース B70 オービター』記念モデルが登場 – FIREKIDS MAGAZINE,8,4,8,,2026-03-02,2026-04-16,66,D: 非公開候補
https://m.firekids.jp/00/5737/,店舗がおすすめ。初めてでも失敗しないヴィンテージ腕時計の買い方 – FIREKIDS MAGAZINE,9,5,6,,2026-03-03,2026-05-06,65,D: 非公開候補
https://m.firekids.jp/00/734/,【インスタグラム・ライブ掲載12】2022.7.24　修理しやすく、長持ちする！時代背景、設計思想の違いが、アンティーク、ヴィンテージウォッチの魅力を形成している！ – FIREKIDS MAGAZINE,9,5,7,,2026-02-12,2026-04-17,84,D: 非公開候補
https://m.firekids.jp/00/1015/,戦車をモチーフにアールデコ調のデザインを施した斬新かつエレガントな腕時計、カルティエ『タンク』 – FIREKIDS MAGAZINE,10,5,6,,2026-02-15,2026-04-20,81,D: 非公開候補
https://m.firekids.jp/00/673/,【インスタグラム・ライブ掲載15】 2022.8.03　ヴィンテージ、アンティークウォッチのメンテナンス間隔は、1960年代以降の時計ならばオリンピックと覚えておこう！ – FIREKIDS MAGAZINE,10,5,7,,2026-02-20,2026-04-15,76,D: 非公開候補
https://m.firekids.jp/00/810/,【インスタグラム・ライブ掲載6】2022.6.29　40年代のユニバーサルジュネーブ『ユニコンパックス』は、機械が大きく、インダイヤルのバランスが抜群だ！ – FIREKIDS MAGAZINE,10,5,7,,2026-02-15,2026-05-06,81,D: 非公開候補
https://m.firekids.jp/00/1083/,コンディションの良いアンティークモデルが揃う、人気の『サブマリーナー』 – FIREKIDS MAGAZINE,10,5,7,,2026-02-13,2026-04-15,83,D: 非公開候補
https://m.firekids.jp/00/3205/,クリスマスプレゼントで女性に贈りたいヴィンテージ時計3選 – FIREKIDS MAGAZINE,10,5,7,,2026-02-21,2026-04-22,75,D: 非公開候補
https://m.firekids.jp/00/666/,連載企画【ロレックスについて5】松浦祐二郎　新店舗プロジェクトリーダー編　どんなスタイルでも、どんなキャラクターでも必ず似合うモデルがある。やっぱりスゴイ、ロレックスの完成度と多様性 – FIREKIDS MAGAZINE,10,5,7,,2026-02-14,2026-04-16,82,D: 非公開候補
https://m.firekids.jp/00/3396/,30万円以下の腕時計を詳細にレビュー！スタイルの中で時計を輝かせる – FIREKIDS MAGAZINE,10,5,8,,2026-02-23,2026-04-26,73,D: 非公開候補
https://m.firekids.jp/00/679/,連載企画【ロレックスについて4】中根啓太（管理部）編　ヴィンテージウォッチにおいて、最高の安心感、実用性を持っているのは、90年代のロレックスである – FIREKIDS MAGAZINE,10,5,8,,2026-02-09,2026-04-24,87,D: 非公開候補
https://m.firekids.jp/00/968/,【スタッフ対談 1】 気を使わず日常使いができる90年代のヴィンテージウォッチがオススメ！　藤井 翔（副店長）× 中根啓太（管理部） – FIREKIDS MAGAZINE,10,5,8,,2026-03-05,2026-04-15,63,D: 非公開候補
https://m.firekids.jp/00/4596/,タグ・ホイヤーが新作『アクアレーサー プロフェッショナル300』デイトとGMTの2種類を発表 – FIREKIDS MAGAZINE,12,5,6,,2026-02-14,2026-04-15,82,C: 統合候補
https://m.firekids.jp/00/3557/,【ロレックス】2023年下半期PV数の多かった人気時計ランキング！ – FIREKIDS MAGAZINE,12,5,7,,2026-02-11,2026-04-16,85,C: 統合候補
https://m.firekids.jp/00/3293/,【ロレックス】スポーツモデル以外で注目の3選 – FIREKIDS MAGAZINE,12,6,7,,2026-03-01,2026-04-23,67,C: 統合候補
https://m.firekids.jp/00/3831/,GS、ロレックス、ジラール・ペルゴ、白いレザースニーカーに合うのはどれだ？ – FIREKIDS MAGAZINE,12,6,8,0.0,2026-03-23,2026-04-19,45,C: 統合候補
https://m.firekids.jp/00/4367/,オメガ2024新作、パリ五輪カラーを纏った『スピードマスター クロノスコープ』を発表 – FIREKIDS MAGAZINE,12,6,11,,2026-02-06,2026-04-15,90,C: 統合候補
https://m.firekids.jp/00/6316/,名門ジラール・ペルゴのラグジュアリー・スポーツウォッチに2色のダイヤルカラーが加わった – FIREKIDS MAGAZINE,13,6,8,,2026-02-18,2026-04-14,78,C: 統合候補
https://m.firekids.jp/00/5769/,【オーナーインタビュー】ビンテージのセイコーダイバーは出会いを重ねることで手元に届いた – FIREKIDS MAGAZINE,14,6,7,,2026-02-27,2026-04-30,69,C: 統合候補
https://m.firekids.jp/00/2573/,初めてのロレックス、人気のレディースモデルと選び方 – FIREKIDS MAGAZINE,14,7,7,,2026-02-15,2026-05-03,81,C: 統合候補
https://m.firekids.jp/00/5480/,ヴァシュロン・コンスタンタンが「海水江崖」を表現したメティエ・ダール新作を発表 – FIREKIDS MAGAZINE,14,6,9,,2026-02-09,2026-04-22,87,C: 統合候補
https://m.firekids.jp/33/1529/,ヴィンテージ時計で楽しむ休日のリラックススタイル – FIREKIDS MAGAZINE,14,7,9,,2026-02-09,2026-04-16,87,C: 統合候補
https://m.firekids.jp/00/4753/,ブランパンがブラックセラミック製の新作『バチスカーフ コンプリートカレンダー ムーンフェイズ』を発表 – FIREKIDS MAGAZINE,16,5,8,,2026-02-22,2026-05-02,74,C: 統合候補
https://m.firekids.jp/00/4083/,腕時計はメンズのドレススタイルを深めていくために欠かせないアイテムだ – FIREKIDS MAGAZINE,16,8,10,,2026-02-28,2026-04-29,68,C: 統合候補
https://m.firekids.jp/00/6544/,パテック フィリップから四半世紀ぶりに誕生した新コレクションはスクエア型 – FIREKIDS MAGAZINE,16,8,10,,2026-02-23,2026-05-01,73,C: 統合候補
https://m.firekids.jp/00/2308/,70年代のアイコンウォッチを新素材と組み合わせ再解釈した新作『ティソ シデラル』 – FIREKIDS MAGAZINE,16,8,12,,2026-02-06,2026-05-06,90,C: 統合候補
https://m.firekids.jp/00/8526/,ロンジン ゴールドケース 1950-60年代ドレスウォッチ｜18K・14K・ゴールドフィルドの違いとCal.30L – FIREKIDS MAGAZINE,18,9,10,,2026-05-04,2026-05-06,3,C: 統合候補
https://m.firekids.jp/00/4020/,ブランパンがRG・チタンの新モデル『フィフティ ファゾムス オートマティック』を発表 – FIREKIDS MAGAZINE,18,8,12,,2026-02-08,2026-05-04,88,C: 統合候補
https://m.firekids.jp/00/6128/,予算30〜50万円。冬のボーナスで狙いたいロレックスなどおすすめヴィンテージ腕時計3選 – FIREKIDS MAGAZINE,18,9,14,,2026-02-14,2026-05-06,82,C: 統合候補
https://m.firekids.jp/00/628/,【スタッフ対談】野村一成（店長）×松浦祐二郎（新店舗プロジェクトリーダー）編　＃2　メンテナンスも含め、長く使うならアンティークウォッチという理由 – FIREKIDS MAGAZINE,18,8,15,,2026-02-16,2026-04-20,80,C: 統合候補
https://m.firekids.jp/00/883/,【インスタグラム・ライブ再掲載2】2022.6.8 無駄な機能がついている格好良さ。男が一度は憧れるパイロット気分になれる、ブライトリング『ナビタイマー』 – FIREKIDS MAGAZINE,19,9,11,,2026-02-10,2026-05-05,86,C: 統合候補
https://m.firekids.jp/00/2373/,フォトグラファー笹口悦民が描く深い世界観を込めた撮影環境 – FIREKIDS MAGAZINE,19,10,13,,2026-02-12,2026-04-30,84,C: 統合候補
https://m.firekids.jp/00/2593/,ビジネス時計とは？ビジネスマンに人気のブランド腕時計 – FIREKIDS MAGAZINE,20,9,10,,2026-02-10,2026-05-04,86,C: 統合候補
https://m.firekids.jp/00/6682/,クレドールにもあった！ジェンタデザインの復刻モデルに新色 – FIREKIDS MAGAZINE,20,10,11,,2026-02-22,2026-05-01,74,C: 統合候補
https://m.firekids.jp/00/8570/,カルティエとCal.78-1｜タンクやオーガニックウッドに搭載された手巻きムーブメントの魅力 – FIREKIDS MAGAZINE,20,9,12,,2026-05-05,2026-05-06,2,C: 統合候補
https://m.firekids.jp/00/5863/,【OMEGA】宇宙と海底探査を征する革新の170年 – FIREKIDS MAGAZINE,20,10,13,,2026-02-08,2026-04-15,88,C: 統合候補
https://m.firekids.jp/00/498/,【連載コラム：第5回ブライトリング『トップタイム』早世した友人が引き合わせてくれたブライトリングの知られざる名機　文＝名畑政治 – FIREKIDS MAGAZINE,20,9,13,,2026-02-22,2026-05-05,74,C: 統合候補
https://m.firekids.jp/00/3720/,チューダーかオメガか？もしくは？黒革の本格シューズに合わせたいウォッチとは？ – FIREKIDS MAGAZINE,20,10,13,,2026-02-15,2026-05-05,81,C: 統合候補
https://m.firekids.jp/58/1545/,ヴィンテージ時計でモダンに着崩す：カジュアル編 – FIREKIDS MAGAZINE,20,9,15,,2026-02-21,2026-04-26,75,C: 統合候補
https://m.firekids.jp/00/927/,【インスタグラム・ライブ再掲載1】2022.5.31　ロレックス『デイトジャスト』は、誰がつけても、どんな服装でつけても格好いいという、一番使いやすいモデルです。 – FIREKIDS MAGAZINE,21,11,14,,2026-02-24,2026-04-30,72,C: 統合候補
https://m.firekids.jp/00/4189/,伊勢丹新宿店 本館「オメガブティック」と「A.ランゲ&ゾーネ ブティック」がリニューアルオープン – FIREKIDS MAGAZINE,22,9,10,,2026-02-07,2026-04-27,89,C: 統合候補
https://m.firekids.jp/00/5871/,現行のロレックスは入手困難？時計選びに失敗しないためにやるべきこと – FIREKIDS MAGAZINE,22,11,12,,2026-02-14,2026-05-01,82,C: 統合候補
https://m.firekids.jp/00/849/,【インスタグラム・ライブ掲載4】2022.6.22　西ドイツ限定の『スピードマスター』は、一見ポルシェデザインのような、らしくないデザインのレアモデル – FIREKIDS MAGAZINE,22,10,13,,2026-02-10,2026-04-18,86,C: 統合候補
https://m.firekids.jp/00/4040/,【ロレックス、オメガ】２０代から楽しむ、ヴィンテージ時計の入門方法 – FIREKIDS MAGAZINE,22,10,13,,2026-02-13,2026-05-03,83,C: 統合候補
https://m.firekids.jp/00/8542/,ジャガー・ルクルト「マニュファクチュール」の実力｜IWCペラトン機構とムーブメント供給の系譜 – FIREKIDS MAGAZINE,22,9,13,,2026-05-06,2026-05-06,1,C: 統合候補
https://m.firekids.jp/00/5507/,世界で50本のみ。ブライトリングよりアイスグレーの日本限定モデルが登場 – FIREKIDS MAGAZINE,22,9,13,0.0,2026-02-28,2026-05-06,68,C: 統合候補
https://m.firekids.jp/52/1510/,ビジネススタイルに最適なヴィンテージ時計：ソフトテイラードに合うモデル – FIREKIDS MAGAZINE,22,10,13,0.0,2026-02-21,2026-04-27,75,C: 統合候補
https://m.firekids.jp/00/817/,【インスタグラム・ライブ掲載5】2022.6.26 腕時計を選ぶ時は、ショップで腕に乗せると合う合わないがよくわかる 出演＝野村一成（店長） – FIREKIDS MAGAZINE,22,9,14,,2026-02-26,2026-05-03,70,C: 統合候補
https://m.firekids.jp/00/2975/,【オメガ】レイルマスター、鉄道好きも魅了するその魅力とは？ – FIREKIDS MAGAZINE,22,10,14,,2026-02-07,2026-05-05,89,C: 統合候補
https://m.firekids.jp/00/4355/,パネライより300m防水の新作『サブマーシブル ルナ・ロッサ』が登場 – FIREKIDS MAGAZINE,22,11,15,,2026-02-13,2026-05-04,83,C: 統合候補
https://m.firekids.jp/00/3841/,ヴィンテージ好きスタッフ注目！これから仕入れを強化したい時計 – FIREKIDS MAGAZINE,22,10,15,,2026-02-14,2026-05-06,82,C: 統合候補
https://m.firekids.jp/00/6244/, 2ndウエムラダイバーなど“アウトドア”に合わせたいヴィンテージ腕時計3選 – FIREKIDS MAGAZINE,24,12,14,,2026-02-17,2026-05-03,79,C: 統合候補
https://m.firekids.jp/00/2015/,女性向け 一生使える時計の選び方とおすすめレディースブランド10選 – FIREKIDS MAGAZINE,24,12,14,,2026-02-06,2026-04-30,90,C: 統合候補
https://m.firekids.jp/00/424/,【オーナーインタビュー】 腕時計は投資の対象となったが、自分でつけたいと思わないものは買わない～ウォブ クリニック 中目黒 総院長 高瀬聡子 – FIREKIDS MAGAZINE,24,12,15,,2026-02-10,2026-05-03,86,C: 統合候補
https://m.firekids.jp/00/2785/,時計屋が本気で欲しがるヴィンテージウォッチ。ジャンルの異なる4本が集結 – FIREKIDS MAGAZINE,24,12,16,,2026-02-23,2026-05-03,73,C: 統合候補
https://m.firekids.jp/00/5471/,世界限定250本。The CITIZENより年差±5秒の新作モデルが登場 – FIREKIDS MAGAZINE,24,11,17,,2026-02-26,2026-05-02,70,C: 統合候補
https://m.firekids.jp/00/8541/,ジャガー・ルクルト Cal.K1071・K1072 解説｜ヴァシュロンやAPにも供給された名機の魅力 – FIREKIDS MAGAZINE,24,11,17,,2026-05-05,2026-05-06,2,C: 統合候補
https://m.firekids.jp/00/4450/,ファイアーキッズとの縁を感じる生まれ年のロレックス – FIREKIDS MAGAZINE,24,12,18,,2026-02-13,2026-04-20,83,C: 統合候補
https://m.firekids.jp/00/2864/,ドラゴンボールとヴィンテージ時計の共通点とキャラで連想される時計は？ – FIREKIDS MAGAZINE,24,12,19,,2026-02-11,2026-04-17,85,C: 統合候補
https://m.firekids.jp/00/4443/,20代にも似合うロレックス。最古のペットネームを持つ『エアキング』 – FIREKIDS MAGAZINE,24,11,20,,2026-02-09,2026-05-05,87,C: 統合候補
https://m.firekids.jp/00/4236/,ロレックスの価値は暴落しない？ロレックスが支持される二つの理由 – FIREKIDS MAGAZINE,25,13,15,,2026-02-24,2026-04-17,72,C: 統合候補
https://m.firekids.jp/00/8521/,ロンジン ダイバーズウォッチ 1960-70年代ヴィンテージ｜スキンダイバー・スーパーコンプレッサー解説 – FIREKIDS MAGAZINE,25,13,15,,2026-05-04,2026-05-06,3,C: 統合候補
https://m.firekids.jp/00/1055/,それまでのクロノグラフとはまったく発想の違うトレンディウォッチ、ブライトリング『トップタイム』 – FIREKIDS MAGAZINE,25,11,17,0.0,2026-02-12,2026-04-20,84,C: 統合候補
https://m.firekids.jp/00/5504/,タグ・ホイヤーとホディンキー3度目のコラボレーションで名作「シーファーラー」が復刻 – FIREKIDS MAGAZINE,25,13,17,,2026-02-07,2026-04-28,89,C: 統合候補
https://m.firekids.jp/00/4900/,ウブロより年に1度の特別モデル『クラシック・フュージョン エッセンシャル グレー』がオンライン限定で登場 – FIREKIDS MAGAZINE,25,13,17,,2026-02-13,2026-05-06,83,C: 統合候補
https://m.firekids.jp/00/557/,【インスタグラム・ライブ掲載17】2022.8.17　スーツを着た時にキマるアンティークウォッチの初級、中級、上級編は、総じて上品なデザインが特徴だ – FIREKIDS MAGAZINE,25,12,21,,2026-02-22,2026-04-21,74,C: 統合候補
https://m.firekids.jp/00/6358/,ジャガー・ルクルトの人気モデル『レベルソ』の最新トリビュート・クロノグラフ！ – FIREKIDS MAGAZINE,26,13,16,,2026-02-06,2026-05-06,90,C: 統合候補
https://m.firekids.jp/00/749/,【インスタグラム・ライブ掲載10】2022.7.17 機械式時計の駆動方式は、手巻きと自動巻き、どっちがいいの？に、答えはあるのか！ 出演＝野村一成（店長）藤井翔（副店長） – FIREKIDS MAGAZINE,26,12,17,,2026-02-09,2026-04-16,87,C: 統合候補
https://m.firekids.jp/00/4433/,５０代のかっこいい男性とは？時計でカッコ良さを演出する – FIREKIDS MAGAZINE,26,12,18,,2026-02-15,2026-05-06,81,C: 統合候補
https://m.firekids.jp/00/8539/,ハイビート（10振動）ムーブメントの魅力｜GS・ロンジン・ゼニスの1960年代競争史 – FIREKIDS MAGAZINE,26,12,22,,2026-05-05,2026-05-06,2,C: 統合候補
https://m.firekids.jp/00/4674/,あなたは何と呼びたい？中古時計とヴィンテージ時計の違いを語る！ – FIREKIDS MAGAZINE,27,14,16,,2026-02-06,2026-05-06,90,C: 統合候補
https://m.firekids.jp/00/7510/,「動かない」「壊れてる」でもOK。ヴィンテージ腕時計の査定でよくある3つの持ち込みパターンをQ&A解説 – FIREKIDS MAGAZINE,27,13,18,,2026-02-18,2026-05-01,78,C: 統合候補
https://m.firekids.jp/00/8505/,ブライトリング 初代クロノマット｜1940年代 軍用計算クロノグラフの原点 – FIREKIDS MAGAZINE,27,11,18,,2026-04-30,2026-05-05,7,C: 統合候補
https://m.firekids.jp/00/4181/,ティソが直営店を伊勢丹新宿店 本館にオープン。ウォッチケアキットを数量限定プレゼント – FIREKIDS MAGAZINE,28,12,14,,2026-02-07,2026-04-16,89,C: 統合候補
https://m.firekids.jp/00/5727/,ロレックスが時計産業に新風を吹き込んだ革新の物語 – FIREKIDS MAGAZINE,28,14,15,,2026-03-03,2026-05-06,65,C: 統合候補
https://m.firekids.jp/00/5549/,ロンジン スピリット『フライバック』と『Zulu Time』に待望の新作が登場 – FIREKIDS MAGAZINE,28,14,16,,2026-02-06,2026-05-01,90,C: 統合候補
https://m.firekids.jp/00/268/,継承されるクロノグラフの名機、ブライトリング「ナビタイマー」 – FIREKIDS MAGAZINE,28,14,16,,2026-02-06,2026-04-26,90,C: 統合候補
https://m.firekids.jp/00/1040/,まさに“シンプル・イズ・ベスト”なアンティーク『エアキング』 – FIREKIDS MAGAZINE,28,14,17,,2026-02-18,2026-04-28,78,C: 統合候補
https://m.firekids.jp/00/2177/,タキメーターとは？タキメーター搭載時計の魅力と活用法 – FIREKIDS MAGAZINE,28,12,19,,2026-02-14,2026-04-20,82,C: 統合候補
https://m.firekids.jp/00/3349/,【高級時計】４０代でオメガは恥ずかしい？大人に似合うオメガの魅力 – FIREKIDS MAGAZINE,28,14,19,,2026-02-13,2026-04-20,83,C: 統合候補
https://m.firekids.jp/00/4685/,腕元のアクセントになるクロノグラフ4選！ – FIREKIDS MAGAZINE,28,13,20,,2026-02-20,2026-05-03,76,C: 統合候補
https://m.firekids.jp/00/4566/,【オーナーインタビュー】　この時計とは“出合い”。いわゆるロレックスっぽさが、まったくないんです – FIREKIDS MAGAZINE,28,13,20,,2026-02-15,2026-05-04,81,C: 統合候補
https://m.firekids.jp/00/694/,連載企画【ロレックスについて3】藤井 翔 副店長編　ロレックスはたんに高級というだけでなく、機能面でも価格の面でも安心感のある腕時計なのだ – FIREKIDS MAGAZINE,28,13,21,,2026-02-07,2026-05-02,89,C: 統合候補
https://m.firekids.jp/00/6574/,パネライの新しいモデルは所有のクラシックヨット要素を加えた独自の一本 – FIREKIDS MAGAZINE,30,14,17,,2026-02-07,2026-05-04,89,C: 統合候補
https://m.firekids.jp/00/941/,【新旧店長対談1】後編 ケース素材の硬さ、パッキンの質、と使用する素材の違いもアンティークウォッチの魅力のひとつ 　野村一成（店長）× 鈴木雄士（顧問） – FIREKIDS MAGAZINE,30,14,19,,2026-02-10,2026-04-29,86,C: 統合候補
https://m.firekids.jp/00/293/,【オーナーインタビュー】服装によって使い分けるのは、シンプルなアンティーク3本～クールジャパントラベル 小山隆司 – FIREKIDS MAGAZINE,30,12,19,,2026-02-06,2026-05-02,90,C: 統合候補
https://m.firekids.jp/00/4511/,UTCとGMT。世界の時間とヴィンテージ時計の関係 – FIREKIDS MAGAZINE,30,15,19,,2026-02-20,2026-04-30,76,C: 統合候補
https://m.firekids.jp/00/708/,【オーナーインタビュー】PRのプロが個人的に選ぶ時計は「マニアになりすぎず、時計の世界に触れていたい 」ものだった〜トランジットジェネラルオフィス 矢部 修　文＝青山 鼓 – FIREKIDS MAGAZINE,30,13,19,,2026-02-07,2026-05-04,89,C: 統合候補
https://m.firekids.jp/00/1022/,レーサー目線で製作された、実用性の高いクロノグラフ、タグ・ホイヤー『カレラ』 – FIREKIDS MAGAZINE,30,15,20,,2026-02-09,2026-05-01,87,C: 統合候補
https://m.firekids.jp/00/6387/,20代で一生ものの時計は必要？未来の自分に贈るヴィンテージ時計 – FIREKIDS MAGAZINE,30,15,20,,2026-02-10,2026-05-04,86,C: 統合候補
https://m.firekids.jp/00/898/,【今月の1本】藤井 翔（副店長）柔らかなフォルムがいい味を出している1969年製のオメガ『シーマスター』。なかでも希少なクロノメーターモデルがオススメ – FIREKIDS MAGAZINE,30,14,21,,2026-02-12,2026-04-19,84,C: 統合候補
https://m.firekids.jp/00/2272/,バーゼルの時計蚤の市で入手したステップ・セコンドの『シェザー／Cal.7400』試作品？ – FIREKIDS MAGAZINE,30,14,21,,2026-02-13,2026-05-04,83,C: 統合候補
http://m.firekids.jp/,FIREKIDS MAGAZINE – ファイアーキッズマガジン,30,15,22,,2026-02-09,2026-05-02,87,C: 統合候補
https://m.firekids.jp/00/1588/,パテックフィリップはなぜ高い？その理由とノーチラスの良さと魅力を解説 – FIREKIDS MAGAZINE,30,12,22,,2026-02-19,2026-04-30,77,C: 統合候補
https://m.firekids.jp/00/3906/,並行輸入品はなぜ安い？ヴィンテージ時計への影響は？ – FIREKIDS MAGAZINE,31,12,18,,2026-02-14,2026-05-01,82,B: 強化候補
https://m.firekids.jp/00/1765/,2023年度版 グランドセイコー 人気ランキング｜国内メンズ時計 – FIREKIDS MAGAZINE,31,14,19,,2026-02-14,2026-04-26,82,B: 強化候補
https://m.firekids.jp/00/6428/,ドレスVSラグスポ？　初入荷の人気ヴィンテージ腕時計2本を紹介 – FIREKIDS MAGAZINE,31,16,22,,2026-02-06,2026-05-02,90,B: 強化候補
https://m.firekids.jp/00/554/,【オーナーインタビュー】新しい出会いを待つ！ロレックスオーナーの時計との向き合い方とは？　〜 SNSクリエイターマネジャー　福圓真人　文＝青山 鼓 – FIREKIDS MAGAZINE,32,11,17,0.0,2026-02-28,2026-04-24,68,B: 強化候補
https://m.firekids.jp/00/5973/,40代男性におすすめのハイブランドのメンズウォッチ – FIREKIDS MAGAZINE,32,16,18,,2026-02-07,2026-04-30,89,B: 強化候補
https://m.firekids.jp/00/3639/,【お洒落対決　時計deバトル】正統派のトラッド男子が選ぶアウター、ピーコートに合わせる – FIREKIDS MAGAZINE,32,16,19,,2026-02-09,2026-05-06,87,B: 強化候補
https://m.firekids.jp/00/4526/,ブランド時計の電池交換はどこでできる？交換のタイミングと費用の目安 – FIREKIDS MAGAZINE,32,15,20,,2026-02-09,2026-04-15,87,B: 強化候補
https://m.firekids.jp/00/2201/,女性に人気の腕時計１０選｜プレゼントに喜ばれるレディース時計 – FIREKIDS MAGAZINE,32,15,20,,2026-02-17,2026-04-26,79,B: 強化候補
https://m.firekids.jp/00/793/,【インスタグラム・ライブ掲載7】2022.7.3　ファイアーキッズでもっとも古い1920年代製！リューズのない腕時計、ハーウッド – FIREKIDS MAGAZINE,32,14,22,,2026-02-08,2026-05-04,88,B: 強化候補
https://m.firekids.jp/00/6625/,ジラール・ペルゴのラグジュアリースポーツ最新作はグリーンとブルー文字盤のモデル – FIREKIDS MAGAZINE,32,16,23,,2026-02-06,2026-05-02,90,B: 強化候補
https://m.firekids.jp/00/617/,【スタッフ対談】野村一成（店長）×松浦祐二郎（新店舗プロジェクトリーダー）編　ロレックスとオメガ。昔はオメガの方が人気があったという理由とは＃4 – FIREKIDS MAGAZINE,32,14,23,,2026-02-18,2026-04-28,78,B: 強化候補
https://m.firekids.jp/00/8531/,ロレックス ヴィンテージ（〜1960年代）の魅力と選び方｜バブルバック・セミバブル・1960年代モデルを年代別に解説 – FIREKIDS MAGAZINE,32,15,24,0.0,2026-05-04,2026-05-06,3,B: 強化候補
https://m.firekids.jp/00/3864/,就活生必見！就活腕時計の選び方とおすすめモデル – FIREKIDS MAGAZINE,34,12,15,,2026-02-18,2026-05-04,78,B: 強化候補
https://m.firekids.jp/00/5294/,40代以上の男性必見。モテるカジュアル高級ヴィンテージ腕時計3選 – FIREKIDS MAGAZINE,34,14,17,,2026-02-06,2026-05-04,90,B: 強化候補
https://m.firekids.jp/00/4170/,250点限定モデルも。ブライトリングが新作「ナビタイマー」と「コスモノート」を発表 – FIREKIDS MAGAZINE,34,15,20,,2026-02-15,2026-05-05,81,B: 強化候補
https://m.firekids.jp/00/647/,【インスタグラム・ライブ掲載16】2022.8.07　スタッフが「自分へのご褒美に」よ選んだ時計3本は、1950年代以前のアラビアインデックスだった – FIREKIDS MAGAZINE,34,14,20,,2026-02-23,2026-04-18,73,B: 強化候補
https://m.firekids.jp/00/2394/,ロレックス『GMTマスター』の独特のコンビケースは根強い人気を誇る – FIREKIDS MAGAZINE,34,16,21,,2026-02-13,2026-04-26,83,B: 強化候補
https://m.firekids.jp/00/365/,【ファイアーキッズ・スペシャル座談会】いまアンティーク時計市場はどうなっている？③ – FIREKIDS MAGAZINE,34,13,22,,2026-02-12,2026-05-04,84,B: 強化候補
https://m.firekids.jp/00/743/,2022.7.20　水にも汗にも強い“夏時計”は、やはりダイバーズやミリタリーなどスポーツ系を中心に選びたい！ – FIREKIDS MAGAZINE,34,16,23,,2026-02-09,2026-05-01,87,B: 強化候補
https://m.firekids.jp/00/8219/,セイコー手巻きクロノグラフの世界｜Cal.5717搭載・国産初のクロノグラフを解説 – FIREKIDS MAGAZINE,34,15,23,,2026-04-08,2026-05-04,29,B: 強化候補
https://m.firekids.jp/00/982/,【今月の1本】鈴木雄士（顧問） 『ナビタイマー』のデザインを決定づけた2ndモデルには、男のロマンが詰め込まれている – FIREKIDS MAGAZINE,34,14,25,0.0,2026-02-09,2026-04-24,87,B: 強化候補
https://m.firekids.jp/21/3943/,あなたは何問正解？　「リューズで見分ける」ヴィンテージ腕時計歴史クイズ7問 – FIREKIDS MAGAZINE,34,17,25,,2026-02-06,2026-04-24,90,B: 強化候補
https://m.firekids.jp/00/8538/,手元の時計の文字盤はオリジナル？リダン？——その違いが分かると時計の見方が変わる – FIREKIDS MAGAZINE,34,15,26,,2026-05-05,2026-05-06,2,B: 強化候補
https://m.firekids.jp/00/550/,【オーナーインタビュー】物語のある時計が好きなラガーマンの念願は、生まれ年のロレックス『GMT マスターⅡ』コークモデル‼︎　～ラグビー選手　津岡翔太郎（コカ・コーラ ボトラーズジャパン） – FIREKIDS MAGAZINE,35,14,20,,2026-02-27,2026-05-01,69,B: 強化候補
https://m.firekids.jp/00/4384/,300本限定。ピアジェより150周年記念42mm・36mmモデル『ピアジェ ポロ デイト』が登場 – FIREKIDS MAGAZINE,35,16,21,,2026-02-06,2026-05-04,90,B: 強化候補
https://m.firekids.jp/00/5402/,ロレックスのスポーツモデルとは？種類と特徴を徹底解説 – FIREKIDS MAGAZINE,36,17,21,0.0,2026-02-21,2026-04-30,75,B: 強化候補
https://m.firekids.jp/00/758/,【今月の1本】12角形の文字盤が特徴！オメガのドレスウォッチ、オールシルバーの『コンステレーション』がオススメ！中根啓太（管理部） – FIREKIDS MAGAZINE,36,18,23,,2026-02-08,2026-05-01,88,B: 強化候補
https://m.firekids.jp/00/2539/,オーデマ ピゲの老舗ブランド特有の洗練された美観は大きなポイント～古着YouTuberゆーみん&きうてぃ、ゆーみん編 – FIREKIDS MAGAZINE,36,17,25,,2026-02-16,2026-05-04,80,B: 強化候補
https://m.firekids.jp/00/6059/,特別な日のプレゼントに。カルティエなど女性向けヴィンテージ腕時計3選 – FIREKIDS MAGAZINE,36,17,25,,2026-02-07,2026-05-03,89,B: 強化候補
https://m.firekids.jp/00/1073/,比較的リーズナブルなロンジンは、愛好家にも一目置かれる実力派 – FIREKIDS MAGAZINE,36,15,25,,2026-02-10,2026-05-01,86,B: 強化候補
https://m.firekids.jp/00/5372/,20代にこそ注目してほしい、ヴィンテージ時計の魅力とおすすめモデルとは？ – FIREKIDS MAGAZINE,36,18,26,,2026-02-07,2026-05-03,89,B: 強化候補
https://m.firekids.jp/00/8472/,ブライトリングをつけてる人のイメージは「パイロット」「ゴツい」「男くさい」？ – FIREKIDS MAGAZINE,36,16,26,,2026-04-28,2026-05-06,9,B: 強化候補
https://m.firekids.jp/00/7216/,創業160周年を迎えたゼニスが復活させた伝説のムーブメント搭載モデルが登場 – FIREKIDS MAGAZINE,36,17,27,,2026-02-12,2026-05-02,84,B: 強化候補
https://m.firekids.jp/00/5849/,【無料】時計のプロに相談できるオンラインコンシェルジュでさらに時計が買いやすくなった – FIREKIDS MAGAZINE,36,17,28,,2026-02-19,2026-05-03,77,B: 強化候補
https://m.firekids.jp/00/369/,【ファイアーキッズ・スペシャル座談会】いまアンティーク時計市場はどうなっている？④ – FIREKIDS MAGAZINE,37,17,26,,2026-02-12,2026-05-05,84,B: 強化候補
https://m.firekids.jp/00/6772/,ビジネスパーソンに似合う！昇進祝いに買いたいヴィンテージ時計 – FIREKIDS MAGAZINE,38,16,20,0.0,2026-02-14,2026-05-03,82,B: 強化候補
https://m.firekids.jp/00/3407/,【ヴィンテージ時計】新社会人におすすめの国産時計ブランド３選 – FIREKIDS MAGAZINE,38,18,22,,2026-02-06,2026-05-04,90,B: 強化候補
https://m.firekids.jp/00/3413/,定番では終わらない魅力を持つヴィンテージロレックス4選！ – FIREKIDS MAGAZINE,38,18,23,,2026-02-14,2026-05-03,82,B: 強化候補
https://m.firekids.jp/00/955/,10年という短期間で、最高水準まで高められた『グランドセイコー』。60年代モデルは間違いなく名機である – FIREKIDS MAGAZINE,38,17,25,,2026-02-15,2026-05-01,81,B: 強化候補
https://m.firekids.jp/00/6038/,チューダーの新作『ブラックベイ クロノ“ブルー”』は2モデルの要素を受け継いでいる – FIREKIDS MAGAZINE,38,18,26,,2026-02-16,2026-05-02,80,B: 強化候補
https://m.firekids.jp/00/871/,インスタグラム・ライブ掲載3】2022.6.19 まず同じのをしてる人には会わないでしょうね、と言うほど、非常に珍しい手巻きのIWC『ヨットクラブ』ブルー文字盤 – FIREKIDS MAGAZINE,38,19,26,,2026-02-06,2026-05-03,90,B: 強化候補
https://m.firekids.jp/49/1131/,若者よアンティークウォッチを身に着けよ」 『タンク』を愛用するファッション業界のプロが教える裏技　文＝鈴木文彦 – FIREKIDS MAGAZINE,38,18,27,,2026-02-07,2026-04-29,89,B: 強化候補
https://m.firekids.jp/00/659/,【オーナーインタビュー】パテック フィリップ『カラトラバ』はミニマリストな生き方に最高の相棒だ〜ノーティスデザインカンパニー社長　鵜瀬 竜児　文＝鈴木文彦 – FIREKIDS MAGAZINE,38,18,27,,2026-02-10,2026-05-05,86,B: 強化候補
https://m.firekids.jp/00/961/,【新旧店長対談1】前編 セイコーはトヨタ、ロレックスはメルセデス・ベンツ。1960年代の国産、スイス製の違いとは？ 　野村一成（店長）× 鈴木雄士（顧問） – FIREKIDS MAGAZINE,38,18,30,,2026-02-10,2026-05-05,86,B: 強化候補
https://m.firekids.jp/00/5447/,【IWC、ブライトリング、ジン】アラフォーが今狙うパイロットウォッチ – FIREKIDS MAGAZINE,39,19,24,,2026-02-08,2026-04-26,88,B: 強化候補
https://m.firekids.jp/00/1501/,スーツに合う時計の選び方｜ビジネス向け腕時計とマナーの解説 – FIREKIDS MAGAZINE,39,20,28,,2026-02-17,2026-05-05,79,B: 強化候補
https://m.firekids.jp/00/3525/,1970年代生まれにおすすめのヴィンテージ時計は？ – FIREKIDS MAGAZINE,40,17,23,,2026-02-09,2026-05-02,87,B: 強化候補
https://m.firekids.jp/00/2416/,【入門編】ロレックス・オメガ・セイコーを代表するダイバーズウォッチとは？ – FIREKIDS MAGAZINE,40,18,24,,2026-02-08,2026-04-29,88,B: 強化候補
https://m.firekids.jp/00/4587/,『シチズン プロマスター』より35周年記念の限定モデル第一弾・メカニカル ダイバー200mが登場 – FIREKIDS MAGAZINE,40,19,26,,2026-02-07,2026-05-05,89,B: 強化候補
https://m.firekids.jp/00/5703/,初めての高級時計！20代のメンズ時計ブランドガイド – FIREKIDS MAGAZINE,40,20,26,,2026-02-07,2026-05-06,89,B: 強化候補
https://m.firekids.jp/00/5942/,【女性必見】ロレックスの着けやすい人気モデル5選！ – FIREKIDS MAGAZINE,40,18,27,,2026-02-10,2026-05-04,86,B: 強化候補
https://m.firekids.jp/00/7555/,冬ボーナスで叶える初ヴィンテージ腕時計。20代がいま手に入れるべき3本とは？ – FIREKIDS MAGAZINE,40,20,33,,2026-02-07,2026-04-25,89,B: 強化候補
https://m.firekids.jp/00/6199/,最初の1本からマニア向けまで。FIRE KIDS横浜店で人気のヴィンテージ腕時計3選 – FIREKIDS MAGAZINE,41,19,25,,2026-02-11,2026-04-17,85,B: 強化候補
https://m.firekids.jp/00/3977/,この時計を着けて街を歩いて、オレがいま1番カッコいいんじゃないかと思います – FIREKIDS MAGAZINE,41,17,27,0.0,2026-02-06,2026-05-05,90,B: 強化候補
https://m.firekids.jp/00/3593/,初心者から玄人まで大満足のオメガ。10〜50万円代・予算別で4本 – FIREKIDS MAGAZINE,42,19,23,,2026-02-07,2026-05-04,89,B: 強化候補
https://m.firekids.jp/00/5591/,ロレックスのチェリーニは人気がない？チェリーニの価値と魅力 – FIREKIDS MAGAZINE,42,20,25,0.0,2026-02-23,2026-05-02,73,B: 強化候補
https://m.firekids.jp/00/3115/,【ロレックス】人気は日本だけってホント？多くファンを魅了する理由 – FIREKIDS MAGAZINE,42,20,26,,2026-02-14,2026-04-30,82,B: 強化候補
https://m.firekids.jp/00/250/,購入して間違いのないスポーツウォッチ、オメガ「スピードマスター」 – FIREKIDS MAGAZINE,42,20,27,,2026-02-06,2026-05-06,90,B: 強化候補
https://m.firekids.jp/00/491/,店長のリアルな愛用時計は、ロレックスと超レアなハーウッド！ – FIREKIDS MAGAZINE,42,20,28,,2026-02-08,2026-05-06,88,B: 強化候補
https://m.firekids.jp/00/5602/,「1本買うなら」初心者におすすめの万能ヴィンテージ腕時計3選 – FIREKIDS MAGAZINE,42,19,29,,2026-02-14,2026-04-30,82,B: 強化候補
https://m.firekids.jp/00/7259/,あなたは無地派？　模様派？　ヴィンテージ腕時計で分かれる美意識 – FIREKIDS MAGAZINE,42,21,31,,2026-02-13,2026-05-01,83,B: 強化候補
https://m.firekids.jp/00/2548/,ユニバーサル ジュネーブ『トリコンパックス』のようなメカっぽくスポーティなモデルが欲しい～古着YouTuberゆーみん＆きうてぃ、きうてぃ編 – FIREKIDS MAGAZINE,44,16,25,,2026-02-10,2026-05-06,86,B: 強化候補
https://m.firekids.jp/00/3810/,レア度が高いのに“お得”に買える！ヴィンテージ時計3選 – FIREKIDS MAGAZINE,44,22,25,,2026-02-13,2026-04-24,83,B: 強化候補
https://m.firekids.jp/00/2286/,デイトナとスピードマスターの魅力｜人気のクロノグラフを徹底比較 – FIREKIDS MAGAZINE,44,19,27,,2026-02-07,2026-05-01,89,B: 強化候補
https://m.firekids.jp/00/1833/,GMTとは？腕時計のGMT機能の使い方と搭載モデルの解説 – FIREKIDS MAGAZINE,44,19,27,0.0,2026-02-26,2026-05-03,70,B: 強化候補
https://m.firekids.jp/00/4501/,憧れのモノから買い時のモノまで。スタッフが次に狙うヴィンテージ時計5選 – FIREKIDS MAGAZINE,44,21,28,,2026-02-14,2026-05-03,82,B: 強化候補
https://m.firekids.jp/00/6074/,アイルトン・セナが愛したタグ・ホイヤーの魅力 – FIREKIDS MAGAZINE,44,19,28,,2026-02-08,2026-04-30,88,B: 強化候補
https://m.firekids.jp/00/2917/,ロレックス認定中古時計、今注目すべきモデルは？ – FIREKIDS MAGAZINE,44,22,28,,2026-02-14,2026-05-05,82,B: 強化候補
https://m.firekids.jp/00/3656/,今が買い時！スタッフが選ぶ入手難易度が上がっている時計4選 – FIREKIDS MAGAZINE,44,19,29,,2026-02-20,2026-04-16,76,B: 強化候補
https://m.firekids.jp/00/4291/,所有欲を満たすチューダーのスポーツウォッチ4選！ – FIREKIDS MAGAZINE,44,22,29,,2026-02-06,2026-05-06,90,B: 強化候補
https://m.firekids.jp/00/824/,店舗デザイナーに聞く FIRE KIDSはここが変わった！ 2/2　繁盛店デザインの方程式 ディテール編 – FIREKIDS MAGAZINE,44,18,29,,2026-02-07,2026-04-27,89,B: 強化候補
https://m.firekids.jp/00/766/,取材先で偶然に入手した、名門モバードのシンプル・モデル　文＝名畑政治 – FIREKIDS MAGAZINE,45,19,24,,2026-02-08,2026-05-05,88,B: 強化候補
https://m.firekids.jp/00/6838/,【ロレックス】歴代エアキングからおすすめのモデルを紹介 – FIREKIDS MAGAZINE,45,22,32,,2026-02-07,2026-04-30,89,B: 強化候補
https://m.firekids.jp/00/2167/,【オーナーインタビュー】注目の時計YouTuberが選んだ思い入れ深い5本～時計YouTuber Yoshiki – FIREKIDS MAGAZINE,46,19,26,,2026-02-08,2026-05-04,88,B: 強化候補
https://m.firekids.jp/00/6618/,オメガシーマスターの新作は2026年ミラノ・コルティナ冬季五輪の記念モデル – FIREKIDS MAGAZINE,46,21,27,0.0,2026-02-08,2026-04-27,88,B: 強化候補
https://m.firekids.jp/00/8515/,ブライトリング トップタイム Ref.810 1960年代クロノグラフ – FIREKIDS MAGAZINE,46,20,27,0.0,2026-05-01,2026-05-06,6,B: 強化候補
https://m.firekids.jp/00/5729/,腕時計の洗浄ケア、ヴィンテージと現代の時計の違いとは？ – FIREKIDS MAGAZINE,46,21,29,,2026-02-06,2026-04-20,90,B: 強化候補
https://m.firekids.jp/00/7089/,細腕さん必見！細い腕にもフィットする小ぶりなヴィンテージ時計6選 – FIREKIDS MAGAZINE,46,22,29,,2026-02-10,2026-05-03,86,B: 強化候補
https://m.firekids.jp/00/5717/,防水性能について知っておきたいこと – FIREKIDS MAGAZINE,46,21,31,,2026-02-08,2026-05-04,88,B: 強化候補
https://m.firekids.jp/00/2524/,【30万円以下】夏のボーナスで買いたいヴィンテージ時計をチェック！ – FIREKIDS MAGAZINE,46,21,32,0.0,2026-02-15,2026-05-01,81,B: 強化候補
https://m.firekids.jp/00/7023/,タグ・ホイヤーは時を制する革新者！創業以来165年間の挑戦 – FIREKIDS MAGAZINE,46,22,38,,2026-02-07,2026-05-04,89,B: 強化候補
https://m.firekids.jp/00/4599/,アイコニックなドレスウォッチ。キングセイコー新シリーズ『KS1969』と100周年記念モデルを発表 – FIREKIDS MAGAZINE,48,21,27,,2026-02-11,2026-05-05,85,B: 強化候補
https://m.firekids.jp/00/2956/,【グランドセイコー】買って後悔するのは本当か？グランドセイコーの魅力 – FIREKIDS MAGAZINE,48,21,28,,2026-02-10,2026-05-06,86,B: 強化候補
https://m.firekids.jp/00/6130/,【オメガ】人気モデルTOP5と魅力的なモデルを一挙大公開！ – FIREKIDS MAGAZINE,48,18,29,,2026-02-11,2026-05-05,85,B: 強化候補
https://m.firekids.jp/00/3844/,1930年代ゼニスの小型クロノグラフは初のスイス取材の時に入手した – FIREKIDS MAGAZINE,48,23,29,,2026-02-12,2026-05-03,84,B: 強化候補
https://m.firekids.jp/00/5763/,大谷翔平とセイコー時計に共通する時代を超えたパフォーマンスとは？ – FIREKIDS MAGAZINE,48,23,32,,2026-02-19,2026-05-05,77,B: 強化候補
https://m.firekids.jp/00/5878/,ドレスウォッチ＆スポーツウォッチ この2本を用意すれば完璧！な組み合わせ – FIREKIDS MAGAZINE,48,24,34,0.0,2026-02-06,2026-05-01,90,B: 強化候補
https://m.firekids.jp/00/2855/,ROLEXはコミュニケーションツールとして抜群にワークする – FIREKIDS MAGAZINE,50,21,25,0.0,2026-02-08,2026-05-06,88,B: 強化候補
https://m.firekids.jp/00/3915/,世間的な価値よりも“自分好み”を突き詰めて – FIREKIDS MAGAZINE,50,22,27,,2026-02-13,2026-05-02,83,B: 強化候補
https://m.firekids.jp/00/3042/,【ヴィンテージ時計】冬の季節によく合う時計の選び方 – FIREKIDS MAGAZINE,50,25,29,0.0,2026-02-08,2026-05-05,88,B: 強化候補
https://m.firekids.jp/00/6922/,ディズニーから万博記念モデルまで。他人と被らないユニークな国産時計 – FIREKIDS MAGAZINE,50,22,29,,2026-02-28,2026-05-03,68,B: 強化候補
https://m.firekids.jp/00/4150/,【腕時計】40代女性への贈り物。一生ものの時計を選ぶためのポイント – FIREKIDS MAGAZINE,50,23,30,,2026-02-28,2026-05-06,68,B: 強化候補
https://m.firekids.jp/00/240/,ユニークな愛称もある、スタイリッシュなパイロットウォッチ「GMTマスター」 – FIREKIDS MAGAZINE,50,20,30,,2026-02-13,2026-05-06,83,B: 強化候補
https://m.firekids.jp/00/3574/,【お洒落対決　時計deバトル】紺色のテイラードジャケットにマッチする腕時計は？ – FIREKIDS MAGAZINE,50,24,30,,2026-02-07,2026-05-02,89,B: 強化候補
https://m.firekids.jp/00/8249/,オメガ クロノストップ Cal.865/920 1960年代解説 – FIREKIDS MAGAZINE,51,22,26,,2026-04-09,2026-05-06,28,B: 強化候補
https://m.firekids.jp/00/5891/,アメリカと日本の時差を克服するための腕時計活用法 – FIREKIDS MAGAZINE,52,25,30,,2026-02-06,2026-05-06,90,B: 強化候補
https://m.firekids.jp/00/5436/,高騰傾向？　ロレックス価格改定によるヴィンテージ腕時計業界への影響とは – FIREKIDS MAGAZINE,52,25,31,,2026-02-07,2026-04-29,89,B: 強化候補
https://m.firekids.jp/00/1681/,冠婚葬祭に最適な時計とは？結婚式や葬式に相応しい腕時計の選び方 – FIREKIDS MAGAZINE,52,26,32,0.0,2026-02-06,2026-04-25,90,B: 強化候補
https://m.firekids.jp/00/803/,先輩の逆鱗に触れてしまった不相応（？）な高級クロノグラフ、ポルシェ・デザイン『ミリタリークロノグラフ』　文＝名畑政治 – FIREKIDS MAGAZINE,52,23,32,,2026-02-12,2026-05-06,84,B: 強化候補
https://m.firekids.jp/00/6830/,お客さまと接することが楽しく、時計についての勉強になる！ – FIREKIDS MAGAZINE,52,25,34,,2026-02-10,2026-05-04,86,B: 強化候補
https://m.firekids.jp/48/1837/,中野ブロードウェイに「ファイアーキッズ2号店」がオープン！ 国産モデル愛好家も注目 – FIREKIDS MAGAZINE,52,24,34,,2026-02-06,2026-04-29,90,B: 強化候補
https://m.firekids.jp/35/1730/,機械式時計を日常で活用し深い魅力と新しい価値を発見しよう – FIREKIDS MAGAZINE,52,24,40,,2026-02-13,2026-05-06,83,B: 強化候補
https://m.firekids.jp/00/4077/,春のメンズスタイルに取り入れたいヴィンテージ腕時計“服装別”4選 – FIREKIDS MAGAZINE,53,26,32,,2026-02-09,2026-05-05,87,B: 強化候補
https://m.firekids.jp/00/8469/,ロンジン コンクエスト ヴィンテージ｜コンステレーション対抗馬として生まれたスポーツ・ドレス兼用モデル – FIREKIDS MAGAZINE,53,25,35,,2026-04-28,2026-05-05,9,B: 強化候補
https://m.firekids.jp/00/2085/,【社長の愛用腕時計】本質と行く末を考慮して選んだパテック＆カルティエの２本 – FIREKIDS MAGAZINE,53,21,38,,2026-02-11,2026-05-01,85,B: 強化候補
https://m.firekids.jp/00/6953/,セイコー最高！の言葉通り、ファイアーキッズではセイコーが最高なのです！ – FIREKIDS MAGAZINE,53,26,40,0.0,2026-02-08,2026-05-05,88,B: 強化候補
https://m.firekids.jp/00/7283/,【ブランド比較】ロレックス・オメガ・セイコーのヴィンテージスポーツウォッチ – FIREKIDS MAGAZINE,54,26,30,,2026-02-06,2026-05-06,90,B: 強化候補
https://m.firekids.jp/00/1603/,20代男性の時計選び｜モテる男に人気のメンズ腕時計ブランド – FIREKIDS MAGAZINE,54,24,30,,2026-02-08,2026-04-17,88,B: 強化候補
https://m.firekids.jp/00/6988/,100万円以下で選ぶ腕時計、後悔しないヴィンテージ時計5選 – FIREKIDS MAGAZINE,54,26,34,,2026-02-16,2026-04-28,80,B: 強化候補
https://m.firekids.jp/00/2346/,重箱のスミが楽しい！ DJ田中知之さんの楽しいヴィンテージウォッチライフの過ごし方 – FIREKIDS MAGAZINE,54,24,35,,2026-02-14,2026-05-02,82,B: 強化候補
https://m.firekids.jp/00/8512/,ロンジン ヴィンテージ キャリバー一覧｜1940〜80年代の名機を解説 – FIREKIDS MAGAZINE,54,25,35,,2026-05-01,2026-05-05,6,B: 強化候補
https://m.firekids.jp/00/8463/,腕時計のケースとは？素材・形状・サイズの基礎知識 – FIREKIDS MAGAZINE,54,27,36,,2026-04-27,2026-05-05,10,B: 強化候補
https://m.firekids.jp/00/208/,腕時計のメンテナンスの基本 オーバーホールはなぜ必要？ – FIREKIDS MAGAZINE,54,24,37,,2026-02-09,2026-05-06,87,B: 強化候補
https://m.firekids.jp/00/7138/,柔道整体師という道を極めようとした男はヴィンテージ時計のみという専門性に惹かれた – FIREKIDS MAGAZINE,55,21,34,,2026-02-12,2026-04-25,84,B: 強化候補
https://m.firekids.jp/00/4740/,ティソの代表的コレクション『R100』を再考。2つスポーツエディションが登場 – FIREKIDS MAGAZINE,56,25,31,,2026-02-07,2026-05-02,89,B: 強化候補
https://m.firekids.jp/00/7184/,ジャガー・ルクルトの定番最新作は普遍のエレガンス！ – FIREKIDS MAGAZINE,56,24,32,,2026-02-07,2026-04-30,89,B: 強化候補
https://m.firekids.jp/00/1088/,耐久性、耐磁性を重んじてきたIWCの『インヂュニア』は堅牢で、現在もコンディションのいいモデルが揃っている – FIREKIDS MAGAZINE,56,26,34,,2026-02-08,2026-05-05,88,B: 強化候補
https://m.firekids.jp/00/7319/,30代メンズに似合うヴィンテージ時計ブランドとは？ – FIREKIDS MAGAZINE,56,24,35,,2026-02-10,2026-05-04,86,B: 強化候補
https://m.firekids.jp/00/8197/,コラムホイール式クロノグラフとは？カム式との違い – FIREKIDS MAGAZINE,56,23,36,,2026-04-06,2026-05-06,31,B: 強化候補
https://m.firekids.jp/00/7164/,シーン別に選ぶヴィンテージ腕時計。女性が“着けてほしい”6本とは？ – FIREKIDS MAGAZINE,56,26,37,,2026-02-08,2026-05-03,88,B: 強化候補
https://m.firekids.jp/50/8483/,1940〜50年代ロレックスの世界｜バブルバックからオイスターパーペチュアルへ – FIREKIDS MAGAZINE,56,24,37,,2026-04-29,2026-05-05,8,B: 強化候補
https://m.firekids.jp/00/4229/,初任給の使い道、最初に腕時計の購入をおすすめする４つの理由 – FIREKIDS MAGAZINE,57,25,31,,2026-02-07,2026-05-05,89,B: 強化候補
https://m.firekids.jp/00/2340/,機械式時計とは？機械式時計の仕組みと歴史、おすすめブランドの解説 – FIREKIDS MAGAZINE,57,26,34,,2026-02-06,2026-05-01,90,B: 強化候補
https://m.firekids.jp/00/6078/,予算100万円以上。購入すべき一生使えるヴィンテージ腕時計とは？ – FIREKIDS MAGAZINE,57,28,35,,2026-02-06,2026-05-06,90,B: 強化候補
https://m.firekids.jp/00/6486/,【売切御免！】見かけたら即買うべきヴィンテージ時計3選 – FIREKIDS MAGAZINE,57,26,36,0.0,2026-02-07,2026-05-03,89,B: 強化候補
https://m.firekids.jp/00/4425/,腕時計の基本「クロノグラフ」とは？　初心者向けに歴史や種類を分かりやすく解説 – FIREKIDS MAGAZINE,58,21,28,,2026-02-11,2026-05-04,85,B: 強化候補
https://m.firekids.jp/00/2675/,オメガのメンズ腕時計の魅力と人気モデルランキング – FIREKIDS MAGAZINE,58,26,33,,2026-02-07,2026-05-04,89,B: 強化候補
https://m.firekids.jp/00/4281/,【オメガ】スピードマスター、歴代モデルからおすすめモデルを紹介 – FIREKIDS MAGAZINE,58,26,33,,2026-02-06,2026-05-04,90,B: 強化候補
https://m.firekids.jp/00/4698/,腕時計の基本「ダイバーズ」とは？　初心者向けに定義・歴史を名品3本とともに解説 – FIREKIDS MAGAZINE,58,26,34,0.0,2026-02-06,2026-05-05,90,B: 強化候補
https://m.firekids.jp/00/4212/,社会人に「いい時計」は必要？時計が与える価値とおすすめのヴィンテージ時計 – FIREKIDS MAGAZINE,58,29,36,,2026-02-06,2026-04-18,90,B: 強化候補
https://m.firekids.jp/00/1009/,高い耐磁性と視認性を備えたシンプルな鉄道時計、オメガ『レイルマスター』 – FIREKIDS MAGAZINE,58,28,36,,2026-02-07,2026-05-01,89,B: 強化候補
https://m.firekids.jp/00/3987/,あなたは何問正解？「製造年を見極める方法」ヴィンテージ腕時計の年式当てクイズ – FIREKIDS MAGAZINE,58,24,38,,2026-02-06,2026-04-30,90,B: 強化候補
https://m.firekids.jp/00/975/,【今月の1本】中根啓太（管理部） バリエーション豊かな、名機搭載のクロノグラフモデル、チューダー『クロノタイム』 – FIREKIDS MAGAZINE,59,26,36,,2026-02-09,2026-05-03,87,B: 強化候補
https://m.firekids.jp/00/1869/,クロノグラフとは？クロノグラフの使い方と種類の解説 – FIREKIDS MAGAZINE,59,26,38,,2026-02-08,2026-05-06,88,B: 強化候補
https://m.firekids.jp/00/5536/,セイコーやエルメスなどレディース向けヴィンテージ腕時計5選 – FIREKIDS MAGAZINE,59,28,40,,2026-02-14,2026-05-03,82,B: 強化候補
https://m.firekids.jp/00/634/,【スタッフ対談】 野村一成（店長）×松浦祐二郎（新店舗プロジェクトリーダー）編　＃１　ロレックス以外のアンティークウォッチは決して高額ではなく、むしろ安定している！ – FIREKIDS MAGAZINE,59,26,41,,2026-02-07,2026-05-02,89,B: 強化候補
https://m.firekids.jp/00/6392/,【アンケート企画】有名メーカーから国産まで。初めて購入した時計を教えてください！ – FIREKIDS MAGAZINE,59,29,43,,2026-02-07,2026-05-05,89,B: 強化候補
https://m.firekids.jp/00/450/,【オーナーインタビュー】ついつい買っちゃう！ 時計浮気性が、結局、手放せないロレックスとは？～会社役員　西田栄一　文＝鈴木文彦 – FIREKIDS MAGAZINE,60,28,40,0.0,2026-02-08,2026-05-02,88,B: 強化候補
https://m.firekids.jp/25/7018/,オメガ『デ・ヴィル プレステージ』を10代店員が購入したワケ – FIREKIDS MAGAZINE,60,29,41,,2026-02-06,2026-05-05,90,B: 強化候補
https://m.firekids.jp/00/8324/,セイコー セルフデーター 解説 – FIREKIDS MAGAZINE,61,29,38,,2026-04-15,2026-05-05,22,B: 強化候補
https://m.firekids.jp/00/512/,【オーナーインタビュー】腕時計を見るたびに呼び覚まされる、懐かしの日々、良き友、そして最高の“思い出”　〜実業家 大西賢尊　文＝土田貴史 – FIREKIDS MAGAZINE,62,23,31,,2026-02-24,2026-04-22,72,B: 強化候補
https://m.firekids.jp/00/2805/,【高級時計】オーデマ ピゲを買える人は？その魅力と入手困難の理由を解説 – FIREKIDS MAGAZINE,62,27,34,,2026-02-09,2026-04-24,87,B: 強化候補
https://m.firekids.jp/00/5313/,ロレックスが買えない？正規店での購入制限と購入のためのポイント – FIREKIDS MAGAZINE,62,28,42,,2026-02-07,2026-05-06,89,B: 強化候補
https://m.firekids.jp/00/6937/,予算は無視！ロレックスからミッキーデザインまで。時計屋が本当に欲しい時計3選 – FIREKIDS MAGAZINE,62,30,43,,2026-02-11,2026-05-04,85,B: 強化候補
https://m.firekids.jp/00/348/,なぜ赤サブと呼ぶのか？そして、なぜそれが人気なのか？サブマリーナーを語る – FIREKIDS MAGAZINE,62,29,43,0.0,2026-02-08,2026-05-05,88,B: 強化候補
https://m.firekids.jp/00/5392/,セイコーダイバーなどTシャツに合わせたい夏のヴィンテージ腕時計4選 – FIREKIDS MAGAZINE,63,30,39,,2026-02-13,2026-05-01,83,B: 強化候補
https://m.firekids.jp/00/641/,連載企画【ロレックスについて6】藤井克彦（販売スタッフ）編　年代の視野を広げると、ロレックスをさらに楽しむことができる！ – FIREKIDS MAGAZINE,64,27,40,,2026-02-10,2026-04-21,86,B: 強化候補
https://m.firekids.jp/00/7265/,ヴィンテージ時計、オーバーホールをしないとどうなる？ – FIREKIDS MAGAZINE,64,31,43,,2026-02-07,2026-05-04,89,B: 強化候補
https://m.firekids.jp/00/8444/,腕時計のインデックスとは？種類と読み方 – FIREKIDS MAGAZINE,64,26,45,,2026-04-24,2026-05-03,13,B: 強化候補
https://m.firekids.jp/00/4312/,【超難問】ロレックスにまつわるクイズ、10問に答えよ！ – FIREKIDS MAGAZINE,65,31,35,,2026-02-08,2026-05-02,88,B: 強化候補
https://m.firekids.jp/00/5992/,現代のオメガ・シーマスターはダニエル・クレイグボンドとのコラボでさらなる人気を獲得している – FIREKIDS MAGAZINE,65,30,38,0.0,2026-02-08,2026-05-06,88,B: 強化候補
https://m.firekids.jp/00/4535/,値崩れしない？　値上がりする可能性が高いヴィンテージ腕時計3選 – FIREKIDS MAGAZINE,65,32,45,,2026-02-07,2026-05-05,89,B: 強化候補
https://m.firekids.jp/00/3166/,初めて買ったヴィンテージ時計は何？スタッフがヴィンテージの良さを語り尽くす – FIREKIDS MAGAZINE,66,29,37,,2026-02-12,2026-05-04,84,B: 強化候補
https://m.firekids.jp/00/6910/,大学生のためのヴィンテージ時計入門：初めての一本を選ぶポイント – FIREKIDS MAGAZINE,66,28,37,0.0,2026-02-08,2026-05-01,88,B: 強化候補
https://m.firekids.jp/00/2294/,中西哲生が、愛用するヴィンテージロレックス、そしてIWCについて語る – FIREKIDS MAGAZINE,66,23,39,,2026-02-09,2026-05-06,87,B: 強化候補
https://m.firekids.jp/44/8371/,腕時計を袖の上に着けるのはあり？ダサいのか解説 – FIREKIDS MAGAZINE,66,30,42,0.0,2026-04-26,2026-05-06,11,B: 強化候補
https://m.firekids.jp/00/1922/,最強の実用腕時計は？実用時計と高級時計の違いを解説 – FIREKIDS MAGAZINE,66,30,43,,2026-02-07,2026-05-05,89,B: 強化候補
https://m.firekids.jp/00/6757/,GSの新作に10振動+80時間の駆動を実現した「キャリバー9SA5」を搭載モデル登場！ – FIREKIDS MAGAZINE,66,32,43,,2026-02-07,2026-05-04,89,B: 強化候補
https://m.firekids.jp/00/837/,店舗デザイナーに聞く FIRE KIDSはここが変わった！ 1/2　繁盛店デザインの方程式 コーポレートアイデンティティ編 – FIREKIDS MAGAZINE,66,28,43,,2026-02-09,2026-05-04,87,B: 強化候補
https://m.firekids.jp/00/4656/,【GMTマスターの魅力】ヴィンテージ歴36年の時計店スタッフが長年愛用するワケ – FIREKIDS MAGAZINE,66,22,44,0.0,2026-02-06,2026-04-15,90,B: 強化候補
https://m.firekids.jp/00/5665/,一癖も二癖もあるダイバーズ ウォッチ4選！ – FIREKIDS MAGAZINE,66,31,45,,2026-02-06,2026-05-06,90,B: 強化候補
https://m.firekids.jp/00/4664/,アウトドアに似合うヴィンテージ時計、おすすめ５選 – FIREKIDS MAGAZINE,66,32,47,,2026-02-07,2026-05-05,89,B: 強化候補
https://m.firekids.jp/03/8447/,カルティエの時計、男性が選ぶならどれ？ヴィンテージという選択肢 – FIREKIDS MAGAZINE,66,31,53,0.0,2026-04-24,2026-05-06,13,B: 強化候補
https://m.firekids.jp/00/526/,【オーナーインタビュー】生まれ年のものと祖父の形見、2本のアンティークウォッチは人との“縁”が発生するアイテムとなった　～メディアコンサルタント　小田周知　文＝土田貴史 – FIREKIDS MAGAZINE,67,32,39,,2026-02-11,2026-05-06,85,B: 強化候補
https://m.firekids.jp/00/5963/,クール・エレガントさん向け。顔タイプ別似合うヴィンテージ腕時計4選 – FIREKIDS MAGAZINE,68,28,38,,2026-02-09,2026-05-05,87,B: 強化候補
https://m.firekids.jp/00/6871/,1960年に誕生。視覚障害者向けに作られたシチズン『シャイン』の魅力 – FIREKIDS MAGAZINE,68,28,40,,2026-02-06,2026-05-06,90,B: 強化候補
https://m.firekids.jp/00/2422/,２０代におすすめのレディース腕時計 人気ブランド１６選 – FIREKIDS MAGAZINE,68,31,40,,2026-02-08,2026-04-27,88,B: 強化候補
https://m.firekids.jp/00/6784/,30代が持っていて恥ずかしくないヴィンテージ時計のブランド5選 – FIREKIDS MAGAZINE,68,29,41,,2026-02-07,2026-04-23,89,B: 強化候補
https://m.firekids.jp/00/5496/,オメガとロレックスのロングセラーモデルに見る、ヴィンテージと現行品の違いとは？ – FIREKIDS MAGAZINE,68,33,43,0.0,2026-02-07,2026-05-01,89,B: 強化候補
https://m.firekids.jp/00/2907/,ドレスなデイトジャストからより自由なエクスプローラー２へ – FIREKIDS MAGAZINE,68,31,44,0.0,2026-02-06,2026-05-06,90,B: 強化候補
https://m.firekids.jp/00/7201/,王道ブランドが並ぶ、夏に着けたい“旬”のヴィンテージ時計3選 – FIREKIDS MAGAZINE,68,22,45,,2026-02-14,2026-05-04,82,B: 強化候補
https://m.firekids.jp/00/5421/,買ってはいけない高級ブランド時計ってあるの？ – FIREKIDS MAGAZINE,68,33,47,,2026-02-06,2026-05-04,90,B: 強化候補
https://m.firekids.jp/00/2627/,パテック フィリップとアンティーク オーデマ ピゲ2本使いの才女〜ソムリエ・蓮實真知 – FIREKIDS MAGAZINE,69,28,38,,2026-02-12,2026-04-30,84,B: 強化候補
https://m.firekids.jp/00/2992/,ロレックスらしくない？金無垢なのに薄いレア度MAXな『オイスターパーペチュアルデイト』 – FIREKIDS MAGAZINE,69,28,40,,2026-02-06,2026-05-05,90,B: 強化候補
https://m.firekids.jp/00/3668/,ロレックス入手難易度順！　スポーツ専門店ではないFIRE KIDSセレクト4選 – FIREKIDS MAGAZINE,69,23,40,,2026-02-08,2026-05-06,88,B: 強化候補
https://m.firekids.jp/47/1279/,正統派スーツと合わせるドレッシーな1本｜ファッションアイテムとしてのヴィンテージ時計① ビジネス編・上 – FIREKIDS MAGAZINE,70,34,43,,2026-02-15,2026-05-03,81,B: 強化候補
https://m.firekids.jp/00/7212/,100均の時計で満足？シーン別でわかる、ヴィンテージ時計が選ばれる理由 – FIREKIDS MAGAZINE,70,35,46,,2026-02-11,2026-05-05,85,B: 強化候補
https://m.firekids.jp/00/3359/,所有のチューダー3本は人生の節目を彩ってきた – FIREKIDS MAGAZINE,70,30,46,,2026-02-06,2026-05-02,90,B: 強化候補
https://m.firekids.jp/00/6254/,ストーリーが詰まったパイロットウォッチ4選！ – FIREKIDS MAGAZINE,71,35,44,,2026-02-06,2026-05-01,90,B: 強化候補
https://m.firekids.jp/00/4552/,GMTとは何？〜歴史と魅力を解説！ – FIREKIDS MAGAZINE,71,36,46,,2026-02-12,2026-04-23,84,B: 強化候補
https://m.firekids.jp/00/8534/,手元のヴィンテージ時計、オーバーホールはいつすべき？｜メンテナンスの基本知識 – FIREKIDS MAGAZINE,72,35,45,0.0,2026-05-04,2026-05-06,3,B: 強化候補
https://m.firekids.jp/30/8238/,時計で方位はわかる？ヴィンテージでも使える方法と注意点 – FIREKIDS MAGAZINE,72,36,45,,2026-04-20,2026-05-04,17,B: 強化候補
https://m.firekids.jp/00/4399/,世界で30本のみ。クレドール50周年を記念した瑠璃金彩の磁器ダイヤル『叡智Ⅱ』限定モデル – FIREKIDS MAGAZINE,72,36,46,,2026-02-08,2026-05-05,88,B: 強化候補
https://m.firekids.jp/00/4167/,【時計の基礎知識講座】歴史から仕組みまで「機械式時計」を徹底解説！ – FIREKIDS MAGAZINE,73,31,43,,2026-02-07,2026-04-29,89,B: 強化候補
https://m.firekids.jp/00/466/,【連載コラム 第6回　ジャガー・ルクルト『メモボックス』】世田谷ボロ市から始まる『メモボックス』出世物語　文＝名畑政治 – FIREKIDS MAGAZINE,73,36,46,,2026-02-06,2026-05-06,90,B: 強化候補
https://m.firekids.jp/00/6749/,レベルソだけじゃない！ジャガー・ルクルトの魅力を知る3つの時計 – FIREKIDS MAGAZINE,73,34,48,,2026-02-11,2026-05-05,85,B: 強化候補
https://m.firekids.jp/00/6738/,第一印象を左右する？ビジネスに最適なヴィンテージ時計とは – FIREKIDS MAGAZINE,74,30,42,,2026-02-08,2026-05-05,88,B: 強化候補
https://m.firekids.jp/00/3030/,ロイヤル オークのような本物を身につけることこそ、生きるうえでの真剣さに響く　 – FIREKIDS MAGAZINE,74,35,44,,2026-02-06,2026-05-05,90,B: 強化候補
https://m.firekids.jp/00/7892/,シードゥエラーとサブマリーナ、違いは何か – FIREKIDS MAGAZINE,74,33,46,,2026-02-06,2026-05-06,90,B: 強化候補
https://m.firekids.jp/00/1003/,ブランド最古のコレクションは、レーシングモデルの元祖『オータヴィア』 – FIREKIDS MAGAZINE,74,32,47,,2026-02-22,2026-05-05,74,B: 強化候補
https://m.firekids.jp/00/2830/,アップルウォッチはいらない！と思った人にお薦めしたいヴィンテージ腕時計７選 – FIREKIDS MAGAZINE,74,36,50,,2026-02-06,2026-05-04,90,B: 強化候補
https://m.firekids.jp/00/4559/,ヴィンテージ腕時計スタッフがリアルに愛用する1本を紹介 – FIREKIDS MAGAZINE,75,34,51,,2026-02-08,2026-05-05,88,B: 強化候補
https://m.firekids.jp/00/2701/,パイロットウォッチは機能もデザインも秀逸｜おすすめのパイロットウォッチのブランド７選 – FIREKIDS MAGAZINE,76,23,42,,2026-02-12,2026-04-30,84,B: 強化候補
https://m.firekids.jp/12/8508/,ロレックス Cal.1030の特徴とオーバーホール｜バタフライローター搭載の自動巻きムーブメント – FIREKIDS MAGAZINE,76,33,46,,2026-05-01,2026-05-06,6,B: 強化候補
https://m.firekids.jp/00/3613/,腕時計をプレゼントする意味は？相手に合わせた選び方 – FIREKIDS MAGAZINE,77,34,45,,2026-02-06,2026-05-02,90,B: 強化候補
https://m.firekids.jp/00/433/,【連載コラム 第7回 ロンジン】パリの蚤の市で掘り出したロンジンの隠れた名品　文＝名畑政治 – FIREKIDS MAGAZINE,78,36,46,,2026-02-06,2026-05-06,90,B: 強化候補
https://m.firekids.jp/00/8476/,グランドセイコーの人気モデルは？ヴィンテージから選ぶなら – FIREKIDS MAGAZINE,78,30,51,,2026-04-28,2026-05-05,9,B: 強化候補
https://m.firekids.jp/00/5826/,【FKオーナーインタビュー】ビンテージ顔でありつつ、メンテナンス性が優れたモデルを探して – FIREKIDS MAGAZINE,78,31,57,,2026-02-16,2026-05-06,80,B: 強化候補
https://m.firekids.jp/00/6961/,ブライトリングの翼は革新の証〜その140年の軌跡とは – FIREKIDS MAGAZINE,79,37,62,,2026-02-07,2026-05-05,89,B: 強化候補
https://m.firekids.jp/13/4623/,ヴィンテージマニアの心をくすぐるホイヤー『オータヴィア』 – FIREKIDS MAGAZINE,80,27,41,,2026-02-09,2026-05-06,87,B: 強化候補
https://m.firekids.jp/00/3290/,【ロレックス】レディース時計の魅力的な価値と人気モデルを紹介 – FIREKIDS MAGAZINE,80,40,44,,2026-02-08,2026-05-06,88,B: 強化候補
https://m.firekids.jp/00/6855/,【今、女性に人気】30万円台で買える“アンティークジュエリー級”レディース腕時計3選 – FIREKIDS MAGAZINE,80,37,45,,2026-02-07,2026-05-02,89,B: 強化候補
https://m.firekids.jp/00/8190/,オメガ フライトマスター Cal.910/911 パイロットウォッチ解説 – FIREKIDS MAGAZINE,80,38,50,,2026-04-06,2026-05-05,31,B: 強化候補
https://m.firekids.jp/00/6526/,ロレックス『サブマリーナー』の魅力はさまざまな顔を持っていること – FIREKIDS MAGAZINE,80,35,50,0.0,2026-02-06,2026-05-05,90,B: 強化候補
https://m.firekids.jp/00/361/,【ファイアーキッズ・スペシャル座談会】いまアンティーク時計市場はどうなっている？② – FIREKIDS MAGAZINE,82,35,53,,2026-02-12,2026-05-06,84,B: 強化候補
https://m.firekids.jp/00/1029/,FIRE KIDSに1970年代のデイトジャストをオーバーホールに出してみた – FIREKIDS MAGAZINE,82,36,60,,2026-02-06,2026-05-05,90,B: 強化候補
https://m.firekids.jp/00/6963/,IWCは スイス時計産業に革新をもたらしたアメリカ式合理主義のブランド – FIREKIDS MAGAZINE,82,41,69,,2026-02-07,2026-04-26,89,B: 強化候補
https://m.firekids.jp/00/5492/,パテックフィリップを定価で買う方法はある？  – FIREKIDS MAGAZINE,83,35,49,,2026-02-08,2026-05-01,88,B: 強化候補
https://m.firekids.jp/00/4723/,店舗対抗5本勝負。ヴィンテージ腕時計屋が本気でおすすめする名品 – FIREKIDS MAGAZINE,83,37,53,0.0,2026-02-07,2026-05-05,89,B: 強化候補
https://m.firekids.jp/00/6403/,【入門編】自動巻き時計とは？正しい使い方と注意点をレクチャー！ – FIREKIDS MAGAZINE,83,38,53,0.0,2026-02-14,2026-05-06,82,B: 強化候補
https://m.firekids.jp/00/5885/,ファッション性重視で選ぶドレスウォッチ4選！ – FIREKIDS MAGAZINE,84,34,49,,2026-02-11,2026-04-30,85,B: 強化候補
https://m.firekids.jp/00/7540/,お通夜で腕時計はOK？知っておきたい身だしなみの基本 – FIREKIDS MAGAZINE,84,38,53,,2026-02-12,2026-05-01,84,B: 強化候補
https://m.firekids.jp/00/4732/,バリエーションを愉しめる革ベルトの可能性 – FIREKIDS MAGAZINE,84,35,59,,2026-02-06,2026-05-01,90,B: 強化候補
https://m.firekids.jp/00/4001/,ヴィンテージ時計歴36年。店長自慢の“私物時計”を公開！ – FIREKIDS MAGAZINE,84,39,61,0.0,2026-02-07,2026-04-27,89,B: 強化候補
https://m.firekids.jp/00/276/,知名度が高く、高いコストパフォーマンスが魅力のオメガ『シーマスター』 – FIREKIDS MAGAZINE,84,39,69,,2026-02-08,2026-05-06,88,B: 強化候補
https://m.firekids.jp/00/8296/,セイコー ファースト（初代クロノグラフ）Cal.6138A・6139 解説 – FIREKIDS MAGAZINE,85,36,49,0.0,2026-04-13,2026-05-04,24,B: 強化候補
https://m.firekids.jp/00/4966/,洗練された大人に似合う！35mm以下の「オシャレ時計」3選 – FIREKIDS MAGAZINE,85,38,50,0.0,2026-02-07,2026-05-06,89,B: 強化候補
https://m.firekids.jp/00/8401/,ロレックスのボーイズサイズとは？30〜32mmの選び方と魅力 – FIREKIDS MAGAZINE,85,41,55,0.0,2026-04-22,2026-05-05,15,B: 強化候補
https://m.firekids.jp/00/6081/,リューズとは？腕時計の個性を際立たせる形態と機能の解説 – FIREKIDS MAGAZINE,86,41,50,0.0,2026-02-08,2026-05-04,88,B: 強化候補
https://m.firekids.jp/00/2207/,暑い夏におすすめのメンズ腕時計｜夏でも快適な腕時計の選び方 – FIREKIDS MAGAZINE,86,40,51,,2026-02-06,2026-05-03,90,B: 強化候補
https://m.firekids.jp/00/7153/,腕時計の“サイズ選び”で後悔しない方法とは？　ヴィンテージ好きが語るリアルな視点 – FIREKIDS MAGAZINE,86,40,52,,2026-02-06,2026-05-06,90,B: 強化候補
https://m.firekids.jp/00/8134/,セイコーマチック解説｜セルフデーター・ウィークデーターの違いとセイコー5の原点 – FIREKIDS MAGAZINE,86,36,54,,2026-03-30,2026-05-06,38,B: 強化候補
https://m.firekids.jp/00/5792/,４０代男性につけて欲しいヴィンテージ腕時計１０選 – FIREKIDS MAGAZINE,86,40,56,,2026-02-09,2026-05-05,87,B: 強化候補
https://m.firekids.jp/00/472/,ロレックスは表裏一体。アンティークロレックスを語り尽くす！ – FIREKIDS MAGAZINE,86,39,56,,2026-02-08,2026-05-06,88,B: 強化候補
https://m.firekids.jp/00/3498/,1960年代生まれにおすすめのヴィンテージ時計は？ – FIREKIDS MAGAZINE,86,40,58,0.0,2026-02-08,2026-05-02,88,B: 強化候補
https://m.firekids.jp/00/8167/,還暦祝いに贈る時計の選び方｜失敗しない完全ガイド – FIREKIDS MAGAZINE,86,40,60,0.0,2026-04-09,2026-05-06,28,B: 強化候補
https://m.firekids.jp/00/717/,連載企画【ロレックスについて1】野村一成 店長編　資産価値の高さばかりが目立つ昨今のロレックスだが、本質は何を着ていても格好いい時計ということに尽きるのだ – FIREKIDS MAGAZINE,87,39,64,,2026-02-09,2026-04-26,87,B: 強化候補
https://m.firekids.jp/00/480/,安定を取るか、冒険に走るのか! スピードマスターとナビタイマーを徹底比較！ – FIREKIDS MAGAZINE,88,36,49,,2026-02-06,2026-05-06,90,B: 強化候補
https://m.firekids.jp/00/2972/,ジャガー・ルクルトの資産価値は？その魅力と評価要因を解説 – FIREKIDS MAGAZINE,88,36,52,,2026-02-10,2026-05-06,86,B: 強化候補
https://m.firekids.jp/00/3133/,スピードマスターとコンステレーション、オメガ2本使いのカリスマ美容師 – FIREKIDS MAGAZINE,88,37,52,,2026-02-08,2026-05-06,88,B: 強化候補
https://m.firekids.jp/00/4274/,ヴィンテージロレックスの定番中の定番、ロレックス サブマリーナー Ref.5513を語る – FIREKIDS MAGAZINE,88,39,55,,2026-02-06,2026-05-04,90,B: 強化候補
https://m.firekids.jp/00/4679/,腕時計の寿命はどのくらい？ヴィンテージ時計を長持ちさせる方法 – FIREKIDS MAGAZINE,88,39,57,,2026-02-06,2026-05-01,90,B: 強化候補
https://m.firekids.jp/00/6893/,ビジネスパーソンに似合う！昇進祝いに買いたいヴィンテージ時計 – FIREKIDS MAGAZINE,90,44,55,,2026-02-10,2026-05-06,86,B: 強化候補
https://m.firekids.jp/00/8246/,ロレックス デイトジャスト Cal.1570・3035・3135の違い – FIREKIDS MAGAZINE,90,41,58,,2026-04-09,2026-05-06,28,B: 強化候補
https://m.firekids.jp/00/6497/,【インタビュー】服装とのバランスから選び抜いたカシオとカルティエ – FIREKIDS MAGAZINE,91,45,51,,2026-02-07,2026-05-04,89,B: 強化候補
https://m.firekids.jp/00/3070/,【ヴィンテージ時計】時を彩るシチズンのクロノグラフ持つの魅力 – FIREKIDS MAGAZINE,91,42,53,,2026-02-07,2026-05-06,89,B: 強化候補
https://m.firekids.jp/00/5797/,マニア向け？　ムーブメントで選ぶ上質なヴィンテージ腕時計2選 – FIREKIDS MAGAZINE,91,39,56,,2026-02-06,2026-05-05,90,B: 強化候補
https://m.firekids.jp/00/8226/,ロレックス オイスターケースとは？防水構造の仕組みと搭載モデル解説 – FIREKIDS MAGAZINE,91,42,62,,2026-04-08,2026-05-06,29,B: 強化候補
https://m.firekids.jp/49/2493/,５０代女性の魅力を引き立てる理想のレディース腕時計選び – FIREKIDS MAGAZINE,92,42,53,,2026-02-07,2026-05-06,89,B: 強化候補
https://m.firekids.jp/37/2879/,オメガ創業百周年記念の自動巻きクロノメーター、オメガ『センテナリー』 – FIREKIDS MAGAZINE,92,43,55,,2026-02-06,2026-04-30,90,B: 強化候補
https://m.firekids.jp/00/6895/,面接に腕時計は必要？手頃なヴィンテージ時計で好印象を狙う – FIREKIDS MAGAZINE,92,42,58,,2026-02-09,2026-04-25,87,B: 強化候補
https://m.firekids.jp/00/2194/,ヴィンテージクロノグラフとは？そこには無駄を楽しむ流儀がある – FIREKIDS MAGAZINE,92,41,60,0.0,2026-02-06,2026-05-06,90,B: 強化候補
https://m.firekids.jp/00/7610/,ムーブメントとは？腕時計の中身と種類をやさしく解説 – FIREKIDS MAGAZINE,92,43,61,,2026-02-10,2026-05-03,86,B: 強化候補
https://m.firekids.jp/00/5674/,50代は要チェック！時計屋が選ぶ「バースイヤーウォッチ」4選 – FIREKIDS MAGAZINE,92,42,63,,2026-02-08,2026-05-01,88,B: 強化候補
https://m.firekids.jp/00/4922/,定番からレアなものまで。スタッフが惚れたヴィンテージ時計大集合！ – FIREKIDS MAGAZINE,92,41,68,,2026-02-06,2026-04-29,90,B: 強化候補
https://m.firekids.jp/00/4216/,カルティエの時計をつけている女性の性格と特徴は？ – FIREKIDS MAGAZINE,93,43,55,,2026-02-07,2026-05-06,89,B: 強化候補
https://m.firekids.jp/00/7355/,【ネオヴィンテージ】クォーツショックから復活した時代の機械式時計の魅力とは？ – FIREKIDS MAGAZINE,93,41,55,0.0,2026-02-14,2026-05-05,82,B: 強化候補
https://m.firekids.jp/00/6607/,生まれ年の時計を選ぶ理由とは？ロレックスのおすすめモデルも紹介 – FIREKIDS MAGAZINE,94,39,57,,2026-02-06,2026-04-30,90,B: 強化候補
https://m.firekids.jp/00/2795/,【５０万円で買える】人気の高級時計｜おすすめのヴィンテージ時計を紹介 – FIREKIDS MAGAZINE,94,40,57,,2026-02-07,2026-05-03,89,B: 強化候補
https://m.firekids.jp/00/3553/,1980年代生まれにおすすめのヴィンテージ時計は？ – FIREKIDS MAGAZINE,94,41,58,0.0,2026-02-06,2026-05-04,90,B: 強化候補
https://m.firekids.jp/00/7856/,ブライトリング トップタイムが再注目される理由 – FIREKIDS MAGAZINE,94,38,63,0.0,2026-02-08,2026-04-28,88,B: 強化候補
https://m.firekids.jp/00/1975/,【IWCオーナーが語る】一本で仕事から日常まで網羅する完璧クロノグラフ – FIREKIDS MAGAZINE,96,43,58,0.0,2026-02-09,2026-05-02,87,B: 強化候補
https://m.firekids.jp/00/6023/,ロレックスデイトジャスト｜「30歳になる前にいい時計がほしかった」編集者が24年間愛用する腕時計 – FIREKIDS MAGAZINE,96,46,60,,2026-02-09,2026-05-06,87,B: 強化候補
https://m.firekids.jp/00/6171/,男の色気を引き立てるブラックダイヤルのヴィンテージ時計3選 – FIREKIDS MAGAZINE,96,48,63,0.0,2026-02-07,2026-05-06,89,B: 強化候補
https://m.firekids.jp/00/7208/,ロレックス デイトナはなぜ高い？定価で買う方法は？ – FIREKIDS MAGAZINE,96,45,67,,2026-02-06,2026-05-05,90,B: 強化候補
https://m.firekids.jp/00/2479/,祖父、祖母から受け継いだものを大事に使って行きたい～株式会社つやしん オーナー 池田芙樹 – FIREKIDS MAGAZINE,98,43,55,,2026-02-09,2026-05-06,87,B: 強化候補
https://m.firekids.jp/00/3323/,ブレゲは日本では人気ない？ブレゲが多くの人を魅了する理由 – FIREKIDS MAGAZINE,98,43,59,,2026-02-06,2026-05-05,90,B: 強化候補
https://m.firekids.jp/00/703/,連載企画【ロレックスについて2】鈴木雄士 顧問編　ロレックスはメルセデス・ベンツ! クルマ好きでもある顧問が話す格別な存在感 – FIREKIDS MAGAZINE,98,46,69,,2026-02-09,2026-05-06,87,B: 強化候補
https://m.firekids.jp/00/7715/,クラフトマンシップとは？時計で分かる意味と本質的価値 – FIREKIDS MAGAZINE,100,45,57,,2026-02-09,2026-05-06,87,B: 強化候補
https://m.firekids.jp/00/8502/,ロンジン ウィームス・リンドバーグ 解説｜航空時計の原点を読み解く – FIREKIDS MAGAZINE,100,38,57,,2026-04-30,2026-05-06,7,B: 強化候補
https://m.firekids.jp/00/6600/,クリント・イーストウッド、ダスティン・ホフマン、ブラッド・ピットも愛用するロレックス『GMTマスター』 – FIREKIDS MAGAZINE,100,46,61,,2026-02-06,2026-05-06,90,B: 強化候補
https://m.firekids.jp/00/2645/,H.モーザーの初期腕時計は、紆余曲折を経て入手した – FIREKIDS MAGAZINE,100,47,61,,2026-02-06,2026-05-06,90,B: 強化候補
https://m.firekids.jp/00/7039/,ロレックス『オイスターパーペチュアル』はヴァラエティに富んだ時計だ！ – FIREKIDS MAGAZINE,100,47,63,0.0,2026-02-06,2026-05-06,90,B: 強化候補
https://m.firekids.jp/00/1654/,30代の腕時計とは？センスの良いメンズ腕時計の選び方 – FIREKIDS MAGAZINE,100,48,64,,2026-02-09,2026-05-05,87,B: 強化候補
