No,セクション,タイトル,類型,推定SV,商品データ,優先度,状態,類似既存記事
5,A. 「恥ずかしい/ダサい」系,男性がカルティエを選ぶ、新しい選び方,⑥,844,多数,🔥,未着手,女性が選ぶならカルティエかロレックスか
6,A. 「恥ずかしい/ダサい」系,セイコー アルピニストが選ばれている5つの理由,⑨,847,18件,🔥,未着手,セイコー アルピニスト ヴィンテージ 1960年代 解説｜チ
9,A. 「恥ずかしい/ダサい」系,セイコー ルキアを選ぶ女性が増えている理由,⑦,500,要確認,⭐,未着手,﻿# セイコー セルフデーター 解説
11,A. 「恥ずかしい/ダサい」系,ハミルトンの腕時計に関する、よく聞かれる質問への答え,⑤,401,36件,⭐,未着手,﻿# ハミルトンの腕時計は恥ずかしい？いや、歴史を知れば印象
12,A. 「恥ずかしい/ダサい」系,チューダー（チュードル）が再評価される時代になった,⑦,350,多数,🔥,未着手,チューダー オイスターロイヤルの中身を見れば、見方が変わるか
44,D. 比較系,スイス老舗の選び方、ロンジンとオメガを比べてみる,⑮,推測,多数,⭐,未着手,デイトナとスピードマスター、二大クロノグラフを並べてみる
71,G. リファレンス解説,エアキング Ref.14000、シンプル系ロレックスの隠れた完成形,⑪,推測,多数,⭐,未着手,ロレックス エアキング Ref.5500 Cal.1520 
95,I. ブランド入門,ジュエラー時計の世界、エルメスの腕時計入門,⑩,推測,28件,⭐,未着手,オリエントの世界、国産機械式の入門ガイド
14,A. 「恥ずかしい/ダサい」系,ロレックスはダサい？よく聞く声を整理してみる,①,300,多数,⭐,要確認,ロレックスはなぜ高い？値段の構造を分解してみる
17,A. 「恥ずかしい/ダサい」系,カルティエ パシャ、評価が分かれるラグジュアリースポーツ,⑬,200,43件,🔥,要確認,カルティエ パンテール 1980年代ラグジュアリースポーツ解
19,A. 「恥ずかしい/ダサい」系,ブライトリングのイメージと、実際のオーナー像のギャップ,④,188,多数,⭐,要確認,﻿# ブライトリングをつけてる人のイメージは？30代・40代
20,A. 「恥ずかしい/ダサい」系,カルティエ サントス、好みが分かれる八角形ベゼルの真意,⑬,150,126件,🔥,要確認,カルティエ サントス オクタゴン解説｜八角形ベゼルの生産終了
24,A. 「恥ずかしい/ダサい」系,オメガ コンステレーション、賛否が分かれるデザインの真意,⑬,30,多数,📝,要確認,グランドセイコーとオメガ コンステレーション、ハイビートの聖
25,A. 「恥ずかしい/ダサい」系,30代・50代がオメガを選ぶ、年代別のオメガ論,⑬,70,多数,📝,要確認,40代でオメガを選ぶ、年代別の答え合わせ
26,B. 「やめとけ」系,ヴィンテージ ロレックス、選ぶ前に知っておきたいこと,⑤,推測,多数,⭐,要確認,﻿# ヴィンテージロレックスで失敗しないために。買う前に知っ
34,D. 比較系,チューダーとロレックス、ヴィンテージで選ぶならどちら,⑮,734,多数,🔥,要確認,チューダー vs ロレックス サブマリーナ ヴィンテージ比較
40,D. 比較系,グランドセイコーとキングセイコー、その違いはどこにあるか,②,推測,多数,🔥,要確認,グランドセイコー セイコースタイルとは？デザイン変革の歴史
47,D. 比較系,チューダーとロレックスのサブマリーナ、兄弟ブランドの違い,⑮,推測,多数,⭐,要確認,チューダー vs ロレックス サブマリーナ ヴィンテージ比較
49,E. 人気モデル系,ヴィンテージ ロレックスで実際に動いている人気モデル,⑦,"2,787",多数,🔥,要確認,ブライトリング ヴィンテージで動いているモデルの実態
56,E. 人気モデル系,レディースで選ばれている、ヴィンテージ ロレックスのモデル,⑦,200,多数,⭐,要確認,ヴィンテージ ロレックス デイトジャスト 解説｜年代別モデル
59,F. キャリバー解説,オメガ Cal.503、バンパー式が刻んだ時代,⑩,推測,要確認,📝,要確認,﻿# オメガ Cal.330系バンパー式自動巻き 1940-
65,F. キャリバー解説,セイコー Cal.5740、ロードマーベル36000の実力,⑩,推測,多数,⭐,要確認,セイコー Cal.4520／Cal.4522、ハイビートGS
66,F. キャリバー解説,カルティエ Cal.8810/8870、ジュエラーの自動巻き選択,⑩,推測,多数,📝,要確認,IWC Cal.853／Cal.8531、ペラトン式自動巻き
76,G. リファレンス解説,スピードマスター Ref.3570.50、ムーンウォッチの完成期,⑩,推測,多数,⭐,要確認,スピードマスター プロフェッショナル、ムーンウォッチの完成期
79,G. リファレンス解説,カルティエ パシャ Ref.2113、裏スケのクロノグラフを語る,⑩,推測,43件,⭐,要確認,カルティエ パシャの裏スケ仕様、ムーブメントを鑑賞するという
87,H. テーマ・教養系,1969年、クォーツショックが業界を変えた日,⑩,推測,テーマ,⭐,要確認,1970年代クォーツショック時代のヴィンテージ機械式の魅力
93,I. ブランド入門,ロンジン、ヴィンテージ入門に最適なブランド,⑦,推測,多数,⭐,要確認,ロンジン ヴィンテージ vs グランドセイコー 精度比較
