URL,タイトル,PV90d,理由
https://m.firekids.jp/tissot_メイン画像1280x600/,Tissot_メイン画像1280×600 – FIREKIDS MAGAZINE,2,KW抽出不可
https://m.firekids.jp/00/7259/5g1a8213インスタ/,5G1A8213インスタ – FIREKIDS MAGAZINE,2,類似既存記事なし
https://m.firekids.jp/ティソ_4横ギャラリー2列_スライドギャラリー1610x1000/,ティソ_4横ギャラリー(2列)_スライドギャラリー1610×1000 – FIREKIDS MAGAZINE,2,類似既存記事なし
https://m.firekids.jp/tissot_2横ギャラリー2列_スライドギャラリー1610x1000/,Tissot_2横ギャラリー(2列)_スライドギャラリー1610×1000 – FIREKIDS MAGAZINE,4,類似既存記事なし
https://m.firekids.jp/ティソ_3横ギャラリー2列_スライドギャラリー1610x1000/,ティソ_3横ギャラリー(2列)_スライドギャラリー1610×1000 – FIREKIDS MAGAZINE,4,類似既存記事なし
https://m.firekids.jp/ティソ_7横ギャラリー2列_スライドギャラリー1610x1000/,ティソ_7横ギャラリー(2列)_スライドギャラリー1610×1000 – FIREKIDS MAGAZINE,4,類似既存記事なし
https://m.firekids.jp/ハナコのwatch-life_vol7サムネ-2/,ハナコのWATCH LIFE_vol7サムネ – FIREKIDS MAGAZINE,4,KW抽出不可
https://m.firekids.jp/ティソ_5横ギャラリー2列_スライドギャラリー1610x1000/,ティソ_5横ギャラリー(2列)_スライドギャラリー1610×1000 – FIREKIDS MAGAZINE,4,類似既存記事なし
https://m.firekids.jp/writers/戸叶庸之/グループ-1182/,グループ 1182 – FIREKIDS MAGAZINE,4,類似既存記事なし
https://m.firekids.jp/00/5849/ハナコのwatch-life8サムネ/,ハナコのWATCH LIFE8サムネ – FIREKIDS MAGAZINE,4,KW抽出不可
https://m.firekids.jp/00/5447/ハナコのwatch-life_vol7サムネ/,ハナコのWATCH LIFE_vol7サムネ – FIREKIDS MAGAZINE,4,KW抽出不可
https://m.firekids.jp/00/5360/_watch-life6-サムネ/,_WATCH LIFE6 サムネ – FIREKIDS MAGAZINE,4,KW抽出不可
https://m.firekids.jp/ティソ_1横ギャラリー2列_スライドギャラリー1610x1000/,ティソ_1横ギャラリー(2列)_スライドギャラリー1610×1000 – FIREKIDS MAGAZINE,4,類似既存記事なし
https://m.firekids.jp/ティソ_6横ギャラリー2列_スライドギャラリー1610x1000/,ティソ_6横ギャラリー(2列)_スライドギャラリー1610×1000 – FIREKIDS MAGAZINE,4,類似既存記事なし
https://m.firekids.jp/writers/鈴木-文彦/名畑プロフィール写真/,名畑プロフィール写真 – FIREKIDS MAGAZINE,4,類似既存記事なし
http://m.firekids.jp/,FIREKIDS MAGAZINE – ファイアーキッズマガジン,30,類似既存記事なし
