ロレックス	金無垢ロレックスは、なぜ「ダサい」と言われるのか	ロレックス 金無垢 ダサい	459_article_rolex_solid_gold_dasai						TRUE					X_459_x_rolex_solid_gold_dasai			
セイコー	グランドセイコー Cal.番号 年代対応表 1960〜1980年代	既存	270_article_gs_caliber_table						FALSE	高橋	FALSE			X_270_x_gs_caliber_table	FALSE	FALSE	
オメガ	オメガ スピードマスター ヴィンテージブレスレットの種類と年代	既存	240_article_speedmaster_bracelet						FALSE	藤井	FALSE			X_240_x_speedmaster_bracelet	FALSE	FALSE	
テーマ	ヴィンテージ時計 コレクションの始め方	既存	259_article_collection_start						FALSE	松浦	FALSE			X_259_x_collection_start	FALSE	FALSE	
ロレックス	ロレックス コンビ、「ダサい」と言われる理由と本当の魅力	ロレックス コンビ ダサい	460_article_rolex_combi_dasai						TRUE					X_460_x_rolex_combi_dasai			
ロレックス	ロレックス ブレスレット番号・エンドリンクの年代判定	既存	268_article_bracelet_year						FALSE	佐藤	FALSE			X_268_x_bracelet_year	FALSE	FALSE	
セイコー	グランドセイコー 初期〜後期 文字盤バリエーション総まとめ	既存	271_article_gs_dial_all						FALSE	高橋	FALSE			X_271_x_gs_dial_all	FALSE	FALSE	
オメガ	オメガ スピードマスター トロピカルダイヤル 実例と価値	既存	264_article_speedmaster_tropical						FALSE	藤井	FALSE			X_264_x_speedmaster_tropical	FALSE	FALSE	
ロレックス	ロレックス 人気3モデル｜エクスプローラー・デイデイト・デイトジャストの特徴	ロレックス 人気ランキング	449_article_rolex_popular_ranking						TRUE					X_449_x_rolex_popular_ranking			
セイコー	セイコー 5アクタス Cal.6119・7019系 1970年代	既存	272_article_5actus						FALSE	松浦	FALSE			X_272_x_5actus	FALSE	FALSE	
テーマ	マイクロローターとは？ポールルーター・パテックの小型自動巻き	既存	274_article_micro_rotor						FALSE	佐藤	FALSE			X_274_x_micro_rotor	FALSE	FALSE	
ロレックス	ロレックス デイトジャスト 36mm vs 41mm どちらを選ぶか	既存	280_article_dj_36_vs_41						FALSE	高橋	FALSE			X_280_x_dj_36_vs_41	FALSE	FALSE	
ロレックス	ロレックスはなぜ高い？値段の構造を分解してみる	ロレックス なぜ高い	461_article_rolex_naze_takai						TRUE					X_461_x_rolex_naze_takai			
オメガ	オメガ スピードマスター Cal.1040・1045 自動巻きクロノグラフの系譜	既存	265_article_speedmaster_cal1040						FALSE	藤井	FALSE			X_265_x_speedmaster_cal1040	FALSE	FALSE	
テーマ	ETA vs レマニア vs バルジュー ヴィンテージクロノグラフCal比較	既存	275_article_eta_vs_lemania						FALSE	松浦	FALSE			X_275_x_eta_vs_lemania	FALSE	FALSE	
セイコー	キングセイコー プロダクション 1961〜1975 全モデル概覧	既存	279_article_ks_all_models						FALSE	佐藤	FALSE			X_279_x_ks_all_models	FALSE	FALSE	
セイコー	セイコー5は恥ずかしい？歴史と価格帯のギャップが語ること	セイコー5 恥ずかしい	488_article_seiko5_embarrassing						TRUE					X_488_x_seiko5_embarrassing			
ロレックス	ロレックス デイトジャスト フルーテッドベゼル vs スムースベゼル	既存	281_article_dj_bezel						FALSE	高橋	FALSE			X_281_x_dj_bezel	FALSE	FALSE	
テーマ	ヴィンテージ時計 パワーリザーブの歴史とCal一覧	既存	276_article_power_reserve						FALSE	藤井	FALSE			X_276_x_power_reserve	FALSE	FALSE	
ロレックス	ロレックス デイトジャスト ジュビリーブレスvsオイスターブレス	既存	289_article_dj_bracelet						FALSE	松浦	FALSE			X_289_x_dj_bracelet	FALSE	FALSE	
セイコー	セイコーのヴィンテージ、いま注目の代表機	セイコー 人気モデル	491_article_seiko_top_models						TRUE					X_491_x_seiko_top_models			
セイコー	グランドセイコー セイコースタイルとは？デザイン変革の歴史	既存	293_article_gs_seiko_style						FALSE	佐藤	FALSE			X_293_x_gs_seiko_style	FALSE	FALSE	
オメガ	オメガ シーマスター コスミック 1960年代 スクエアケース解説	既存	299_article_sm_cosmic						FALSE	高橋	FALSE			X_299_x_sm_cosmic	FALSE	FALSE	
テーマ	ヴィンテージ時計のラグ形状 ストレート・ツイスト・バナナの特徴	既存	277_article_lug_shape						FALSE	藤井	FALSE			X_277_x_lug_shape	FALSE	FALSE	
オメガ	オメガで選ばれている代表モデル、ヴィンテージから現代まで	オメガ 人気モデル	483_article_omega_top_models						TRUE					X_483_x_omega_top_models			
ロレックス	ロレックス ジュビリーブレスの歴史と年代別見分け方	既存	290_article_jubilee_bracelet						FALSE	松浦	FALSE			X_290_x_jubilee_bracelet	FALSE	FALSE	
セイコー	グランドセイコー ヴィンテージ ブレスレット・ケース年代判定	既存	294_article_gs_vintage_year						FALSE	佐藤	FALSE			X_294_x_gs_vintage_year	FALSE	FALSE	
オメガ	オメガ ヴィンテージ 1950〜70年代 キャリバー一覧表	既存	303_article_omega_caliber_list						FALSE	高橋	FALSE			X_303_x_omega_caliber_list	FALSE	FALSE	
カルティエ	女性が選ぶならカルティエかロレックスか、ヴィンテージで考える	カルティエ ロレックス 女性	476_article_cartier_vs_rolex_women						TRUE					X_476_x_cartier_vs_rolex_women			
テーマ	ヴィンテージ時計のブレスレット 年代別一覧（1950〜80年代）	既存	278_article_bracelet_history						FALSE	藤井	FALSE			X_278_x_bracelet_history	FALSE	FALSE	
セイコー	キングセイコー ケーシング別（SS/GF）比較と見分け方	既存	295_article_ks_case_material						FALSE	松浦	FALSE			X_295_x_ks_case_material	FALSE	FALSE	
オメガ	オメガ ヴィンテージ入門	既存	304_article_omega_vintage_first						FALSE	佐藤	FALSE			X_304_x_omega_vintage_first	FALSE	FALSE	
ロレックス	ヴィンテージ ロレックスのレディース、定番から珍しい1本まで	ロレックス レディース	469_article_rolex_ladies						TRUE					X_469_x_rolex_ladies			
チューダー	チューダー サブマリーナ Ref.7928・7016	既存	310_article_tudor_sub_7928						FALSE	高橋	FALSE			X_310_x_tudor_sub_7928	FALSE	FALSE	
テーマ	ヴィンテージ時計の石数（宝石）とは？17石・21石の意味	既存	282_article_jewels_guide						FALSE	藤井	FALSE			X_282_x_jewels_guide	FALSE	FALSE	
セイコー	キングセイコー 亀戸精工舎とは	既存	296_article_ks_kameido						FALSE	松浦	FALSE			X_296_x_ks_kameido	FALSE	FALSE	
ロレックス	女性が選ぶならカルティエかロレックスか	カルティエ ロレックス 女性	467_article_cartier_vs_rolex_women						TRUE					X_467_x_cartier_vs_rolex_women			
オメガ	オメガ シーマスター ヴィンテージ 1960年代解説：アクアテラの源流	既存	305_article_sm_aquaterra						FALSE	佐藤	FALSE			X_305_x_sm_aquaterra	FALSE	FALSE	
チューダー	チューダー vs ロレックス サブマリーナ ヴィンテージ比較	既存	311_article_tudor_vs_rolex_sub						FALSE	高橋	FALSE			X_311_x_tudor_vs_rolex_sub	FALSE	FALSE	
テーマ	ヴィンテージ時計のデフレクタ（偏心カム）カレンダー機構解説	既存	283_article_calendar_mechanism						FALSE	藤井	FALSE			X_283_x_calendar_mechanism	FALSE	FALSE	
ロレックス	ロレックスとオメガ、ヴィンテージで迷ったときの判断軸	ロレックス オメガ ヴィンテージ	462_article_rolex_vs_omega_vintage						TRUE					X_462_x_rolex_vs_omega_vintage			
セイコー	キングセイコー クロノグラフ Ref.5718 解説	既存	297_article_ks_chrono						FALSE	松浦	FALSE			X_297_x_ks_chrono	FALSE	FALSE	
オメガ	オメガ アンティーク 1940〜50年代の魅力	既存	309_article_omega_antique						FALSE	佐藤	FALSE			X_309_x_omega_antique	FALSE	FALSE	
チューダー	チューダー ホームプレートロゴ vs バラロゴ	既存	312_article_tudor_logo						FALSE	高橋	FALSE			X_312_x_tudor_logo	FALSE	FALSE	
ロレックス	国際派のロレックス、国内派のグランドセイコー、どちらを選ぶか	グランドセイコー ロレックス 比較	463_article_gs_vs_rolex_global_local						TRUE					X_463_x_gs_vs_rolex_global_local			
テーマ	ヴィンテージ時計のハックセコンド（秒停止）とは	既存	284_article_hack_second						FALSE	藤井	FALSE			X_284_x_hack_second	FALSE	FALSE	
チューダー	チューダー クロノグラフ Ref.7031・7032 Monte-Carlo 解説	既存	313_article_tudor_chrono						FALSE	松浦	FALSE			X_313_x_tudor_chrono	FALSE	FALSE	
IWC	IWC ポルトギーゼ ヴィンテージ	既存	318_article_iwc_portugieser						FALSE	佐藤	FALSE			X_318_x_iwc_portugieser	FALSE	FALSE	
ロレックス	ロレックスとIWC、スポーツウォッチでの選び方	ロレックス IWC スポーツ	466_article_rolex_vs_iwc_sports						TRUE					X_466_x_rolex_vs_iwc_sports			
オメガ	オメガ シームレスブレスレット 年代別見分け方解説	既存	321_article_omega_bracelet_year						FALSE	高橋	FALSE			X_321_x_omega_bracelet_year	FALSE	FALSE	
テーマ	ヴィンテージ時計の防水構造：スクリューバック vs プッシュバック	既存	285_article_waterproof_back						FALSE	藤井	FALSE			X_285_x_waterproof_back	FALSE	FALSE	
チューダー	チューダー オイスター Ref.7984 Cal.1156 解説	既存	314_article_tudor_sub_7984						FALSE	松浦	FALSE			X_314_x_tudor_sub_7984	FALSE	FALSE	
ロンジン	ロンジンが「恥ずかしい」と言われる理由と、選ぶ人が増えている事実	ロンジン 恥ずかしい	456_article_longines_embarrassing						TRUE					X_456_x_longines_embarrassing			
IWC	IWC マーク11（Mk.XI）英国軍用時計 解説	既存	319_article_iwc_mk11						FALSE	佐藤	FALSE			X_319_x_iwc_mk11	FALSE	FALSE	
オメガ	オメガ vs ロンジン ヴィンテージ同時代比較	既存	322_article_omega_vs_longines						FALSE	高橋	FALSE			X_322_x_omega_vs_longines	FALSE	FALSE	
テーマ	ヴィンテージ時計 デュアルタイム（GMT）機構の歴史	既存	286_article_dual_time_history						FALSE	藤井	FALSE			X_286_x_dual_time_history	FALSE	FALSE	
ロンジン	ロンジン ヴィンテージで選ばれている代表モデル	ロンジン 人気モデル	492_article_longines_top_models						TRUE					X_492_x_longines_top_models			
チューダー	チューダー オイスタープリンス Cal.2284・2291 1960〜70年代解説	既存	315_article_tudor_oyster_prince						FALSE	松浦	FALSE			X_315_x_tudor_oyster_prince	FALSE	FALSE	
IWC	IWC インヂュニア Ref.866 Cal.854	既存	320_article_iwc_ingenieur						FALSE	佐藤	FALSE			X_320_x_iwc_ingenieur	FALSE	FALSE	
オメガ	オメガ スクエアケース ヴィンテージ まとめ	既存	323_article_omega_square_case						FALSE	高橋	FALSE			X_323_x_omega_square_case	FALSE	FALSE	
ブライトリング	ブライトリング ヴィンテージで動いているモデルの実態	ブライトリング 人気モデル	512_article_breitling_top_models						TRUE					X_512_x_breitling_top_models			
テーマ	ヴィンテージ時計のケース素材 SS・GF・金無垢 解説	既存	287_article_case_material_guide						FALSE	藤井	FALSE			X_287_x_case_material_guide	FALSE	FALSE	
チューダー	チューダーの時計とは？ヴィンテージの選び方とおすすめモデル	既存	316_article_tudor_vintage_first						FALSE	松浦	FALSE			X_316_x_tudor_vintage_first	FALSE	FALSE	
IWC	IWC パイロットウォッチの系譜 — Mark XI・Mark XII・Mark XV	既存	328_article_iwc_pilot						FALSE	佐藤	FALSE			X_328_x_iwc_pilot	FALSE	FALSE	
IWC	IWCのヴィンテージで選ばれているモデルとその背景	IWC 人気モデル	511_article_iwc_top_models						TRUE					X_511_x_iwc_top_models			
ロンジン	ロンジン レジェンドダイバー 1967年製 ヴィンテージ	既存	333_article_longines_legend_diver						FALSE	高橋	FALSE			X_333_x_longines_legend_diver	FALSE	FALSE	
テーマ	ヴィンテージ時計のベゼル素材と種類 アルミ・サファイア・セラミック解説	既存	288_article_bezel_guide						FALSE	藤井	FALSE			X_288_x_bezel_guide	FALSE	FALSE	
チューダー	チューダー トロピカルダイヤル	既存	317_article_tudor_tropical						FALSE	松浦	FALSE			X_317_x_tudor_tropical	FALSE	FALSE	
オリエント	オリエントの腕時計、本当に恥ずかしい時計なのか	オリエント 恥ずかしい	514_article_orient_embarrassing						TRUE					X_514_x_orient_embarrassing			
IWC	IWC ポルトフィーノ 初代モデル解説 ── 1980年代に生まれたドレスウォッチの原点	既存	329_article_iwc_portofino						FALSE	佐藤	FALSE			X_329_x_iwc_portofino	FALSE	FALSE	
ロンジン	ロンジンの時計とは？ヴィンテージの魅力と代表モデル	既存	334_article_longines_vintage_first						FALSE	高橋	FALSE			X_334_x_longines_vintage_first	FALSE	FALSE	
チューダー	チューダー オイスターデイト Ref.7966 Cal.2462・Cal.2484 解説	既存	324_article_tudor_oyster_date						FALSE	藤井	FALSE			X_324_x_tudor_oyster_date	FALSE	FALSE	
セイコー	セイコー レディース、ヴィンテージで選ぶ手巻きの愉しみ	セイコー レディース ヴィンテージ	489_article_seiko_ladies_vintage						TRUE					X_489_x_seiko_ladies_vintage			
IWC	IWC スピットファイア — Cal.88手巻きとCal.884自動巻きが結ぶパイロットウォッチの系譜	既存	330_article_iwc_spitfire						FALSE	松浦	FALSE			X_330_x_iwc_spitfire	FALSE	FALSE	
テーマ	ロレックス・オメガ・グランドセイコー 1960年代三つ巴比較	既存	335_article_rolex_omega_gs_compare						FALSE	佐藤	FALSE			X_335_x_rolex_omega_gs_compare	FALSE	FALSE	
セイコー	セイコー ジョイントポイント Cal.5246・6246 スポーツライン	既存	336_article_seiko_jointpointer						FALSE	高橋	FALSE			X_336_x_seiko_jointpointer	FALSE	FALSE	
シチズン	シチズン ヴィンテージで密かに選ばれているモデル	シチズン 人気モデル	493_article_citizen_top_models						TRUE					X_493_x_citizen_top_models			
チューダー	チューダー プリンスオイスターデイト スクエアケース 1960〜70年代解説	既存	325_article_tudor_square_case						FALSE	藤井	FALSE			X_325_x_tudor_square_case	FALSE	FALSE	
IWC	IWC ヴィンテージ Cal一覧 1950〜80年代 ─ 年代別・系統別に整理	既存	331_article_iwc_caliber_table						FALSE	松浦	FALSE			X_331_x_iwc_caliber_table	FALSE	FALSE	
セイコー	セイコー アルピニスト ヴィンテージ 1960年代 解説	既存	337_article_seiko_alpinist						FALSE	佐藤	FALSE			X_337_x_seiko_alpinist	FALSE	FALSE	
セイコー	セイコーとシチズン、国産時計の選び方	セイコー シチズン 違い	457_article_seiko_vs_citizen						TRUE					X_457_x_seiko_vs_citizen			
ジャガー・ルクルト	ジャガー・ルクルト ディープシー ヴィンテージ解説	既存	338_article_jlc_deep_sea						FALSE	高橋	FALSE			X_338_x_jlc_deep_sea	FALSE	FALSE	
チューダー	チューダー スポーツプリンス Cal.2484 1970年代の特徴と変遷	既存	326_article_tudor_sport_prince						FALSE	藤井	FALSE			X_326_x_tudor_sport_prince	FALSE	FALSE	
IWC	IWC ヴィンテージ入門	既存	332_article_iwc_vintage_first						FALSE	松浦	FALSE			X_332_x_iwc_vintage_first	FALSE	FALSE	
オメガ	クロノグラフで迷ったら、オメガとブライトリングをどう比べるか	オメガ ブライトリング クロノグラフ	480_article_omega_vs_breitling_chrono						TRUE					X_480_x_omega_vs_breitling_chrono			
ジャガー・ルクルト	ジャガー・ルクルト パワーリザーブ付きモデル	既存	339_article_jlc_power_reserve						FALSE	佐藤	FALSE			X_339_x_jlc_power_reserve	FALSE	FALSE	
ユニバーサル	ユニバーサル・ジュネーブ トリ・コンパックス ― トリプルカレンダー＋クロノグラフが一体化した複雑機構の名作	既存	342_article_ug_tricompax						FALSE	高橋	FALSE			X_342_x_ug_tricompax	FALSE	FALSE	
チューダー	チューダー ビゲ（Bigee）ケース 1950年代アンティーク	既存	327_article_tudor_bigee						FALSE	藤井	FALSE			X_327_x_tudor_bigee	FALSE	FALSE	
オメガ	オメガのヴィンテージを選ぶか、現行を選ぶか	オメガ ヴィンテージ 現行	479_article_omega_vintage_vs_modern						TRUE					X_479_x_omega_vintage_vs_modern			
ジャガー・ルクルト	ジャガー・ルクルト Cal.478・480系 手巻きキャリバー解説	既存	340_article_jlc_cal478						FALSE	松浦	FALSE			X_340_x_jlc_cal478	FALSE	FALSE	
ユニバーサル	ユニバーサル・ジュネーブ コンパックス Cal.287 解説	既存	343_article_ug_compax						FALSE	佐藤	FALSE			X_343_x_ug_compax	FALSE	FALSE	
テーマ	パイロットウォッチ比較：IWC・ブライトリング・ユニバーサル・ジュネーブ	既存	344_article_pilot_watch_compare						FALSE	高橋	FALSE			X_344_x_pilot_watch_compare	FALSE	FALSE	
オメガ	ヴィンテージドレスで迷う、オメガとIWCの選び方	オメガ IWC ドレス	481_article_omega_vs_iwc_dress						TRUE					X_481_x_omega_vs_iwc_dress			
ジャガー・ルクルト	ジャガー・ルクルト マスタービュームウォッチとバンパー式自動巻き	既存	341_article_jlc_bumper						FALSE	藤井	FALSE			X_341_x_jlc_bumper	FALSE	FALSE	
テーマ	1970年代クォーツショック時代のヴィンテージ機械式の魅力	既存	345_article_quartz_shock_era						FALSE	松浦	FALSE			X_345_x_quartz_shock_era	FALSE	FALSE	
セイコー	セイコー ヴィンテージ 1960〜70年代 Cal.番号一覧表	既存	347_article_seiko_caliber_table						FALSE	佐藤	FALSE			X_347_x_seiko_caliber_table	FALSE	FALSE	
カルティエ	カルティエのヴィンテージ、購入前のチェックポイント	カルティエ ヴィンテージ チェック	497_article_cartier_vintage_check						TRUE					X_497_x_cartier_vintage_check			
カルティエ	カルティエ パシャ・ドゥ・カルティエ 初代解説	既存	350_article_cartier_pasha						FALSE	高橋	FALSE			X_350_x_cartier_pasha	FALSE	FALSE	
テーマ	スクエアケース ヴィンテージ比較：カルティエ・オメガ・セイコー	既存	348_article_square_case_compare						FALSE	藤井	FALSE			X_348_x_square_case_compare	FALSE	FALSE	
カルティエ	カルティエ ヴィンテージ ムーブメント ETA搭載の歴史	既存	351_article_cartier_movement						FALSE	松浦	FALSE			X_351_x_cartier_movement	FALSE	FALSE	
カルティエ	カルティエの自動巻き選び、ジュエラーが選んだ機構を読み解く	カルティエ Cal 選び方	500_article_cartier_cal_choice						TRUE					X_500_x_cartier_cal_choice			
ユニバーサル	ユニバーサル・ジュネーブ ユニマチック Cal.215 解説	既存	352_article_ug_unimatch						FALSE	佐藤	FALSE			X_352_x_ug_unimatch	FALSE	FALSE	
ロレックス	ロレックス ヴィンテージ SS vs ゴールド どちらを選ぶか	既存	355_article_rolex_ss_vs_gold						FALSE	高橋	FALSE			X_355_x_rolex_ss_vs_gold	FALSE	FALSE	
テーマ	軍用（ミリタリー）時計 IWC・ロレックス・チューダー実例比較	既存	349_article_military_watch_compare						FALSE	藤井	FALSE			X_349_x_military_watch_compare	FALSE	FALSE	
ロレックス	年代別ロレックス選び｜20代から50代まで、ヴィンテージで選ぶ4つのモデル	ロレックス 年代別	450_article_rolex_age_guide						TRUE					X_450_x_rolex_age_guide			
ユニバーサル	ユニバーサル・ジュネーブ ヴィンテージ Cal一覧	既存	353_article_ug_caliber_table						FALSE	松浦	FALSE			X_353_x_ug_caliber_table	FALSE	FALSE	
ロンジン	ロンジン ウイットナー Cal.30L スモールセコンド解説	既存	356_article_longines_wittnauer						FALSE	佐藤	FALSE			X_356_x_longines_wittnauer	FALSE	FALSE	
ブライトリング	ブライトリング ヴィンテージ スライドルールの使い方	既存	358_article_breitling_slide_rule						FALSE	高橋	FALSE			X_358_x_breitling_slide_rule	FALSE	FALSE	
ロレックス	え？これもロレックスなの？意外性のあるヴィンテージモデル5選	珍しいロレックス	446_article_unusual_rolex						TRUE					X_446_x_unusual_rolex			
ロンジン	ロンジン ヴィンテージ vs グランドセイコー 精度比較	既存	357_article_longines_vs_gs						FALSE	藤井	FALSE			X_357_x_longines_vs_gs	FALSE	FALSE	
カルティエ	カルティエ ヴィンテージ ゴールドケースの種類と価値	既存	359_article_cartier_gold_case						FALSE	松浦	FALSE			X_359_x_cartier_gold_case	FALSE	FALSE	
テーマ	ヴィンテージ時計 買取価値を下げない保管術	既存	361_article_resale_value						FALSE	佐藤	FALSE			X_361_x_resale_value	FALSE	FALSE	
オリエント	オリエントの世界、国産機械式の入門ガイド	オリエント 時計	520_article_orient_intro						TRUE					X_520_x_orient_intro			
ロレックス	ロレックス ヴィンテージの箱・保証書 コレクション術	既存	362_article_rolex_box_papers						FALSE	高橋	FALSE			X_362_x_rolex_box_papers	FALSE	FALSE	
カルティエ	カルティエ ロンド（サントス ロンド）ヴィンテージ解説	既存	363_article_cartier_ronde						FALSE	藤井	FALSE			X_363_x_cartier_ronde	FALSE	FALSE	
ユニバーサル	ユニバーサル・ジュネーブ ポールルーター	既存	392_article_polerouter														
シチズン	シチズンのヴィンテージ、知る人ぞ知る入門ガイド	シチズン 時計	521_article_citizen_intro						TRUE					X_521_x_citizen_intro			
ブライトリング	ブライトリング ナビタイマー Cal.Venus178 vs Cal.11 ムーブメント比較	既存	394_article_navitimer_caliber														
ロレックス	ロレックス ヴィンテージ入門	既存	396_article_vintage_first														
カルティエ	カルティエ バロン・ブルー初代 解説	既存	364_article_cartier_ballon														
オメガ	40代でオメガを選ぶ、年代別の答え合わせ	オメガ 40代	478_article_omega_40s						TRUE					X_478_x_omega_40s			
ジャガー・ルクルト	ジャガー・ルクルト マスターマリーナ	既存	397_article_master_mariner														
セイコー	グランドセイコー 61GS Cal.6145・6146 ハイビート自動巻きの始まり	既存	399_article_gs_61gs														
ヴァシュロン	ヴァシュロン・コンスタンタン 222とは？	既存	401_article_vc222														
ブライトリング	ブライトリングの「向き不向き」を整理する	ブライトリング どんな人	508_article_breitling_for_whom						TRUE					X_508_x_breitling_for_whom			
ジャガー・ルクルト	ジャガー・ルクルト メモボックス（Memovox）	既存	398_article_memovox_vintage														
ヴァシュロン	ヴァシュロンコンスタンタンとは？ヴィンテージの魅力と代表モデル	既存	402_article_vc_vintage														
IWC	IWC ヨットクラブ Cal.8541B	既存	403_article_yacht_club														
IWC	IWCを選ばない方がいい人、選ぶといい人	IWC どんな人	507_article_iwc_for_whom						TRUE					X_507_x_iwc_for_whom			
オメガ	オメガ シーマスター ダイバーズの系譜	既存	404_article_seamaster_diver														
ジャガー・ルクルト	ルクルト（JLC）トリプルカレンダー	既存	400_article_triple_calendar														
テーマ	バンパー式自動巻きとは？振るとコツンという機構の仕組み	既存	405_article_bumper_rotor_guide														
オメガ	グランドセイコーとオメガ コンステレーション、ハイビートの聖地対決	グランドセイコー コンステレーション	482_article_gs_vs_constellation						TRUE					X_482_x_gs_vs_constellation			
IWC	IWC ポートフィノ vs ポルトギーゼ ヴィンテージ比較	既存	406_article_portofino_vs_portugieser														
セイコー	セイコー プレスマチック Cal.5106/5146 ハイビート薄型自動巻き解説		408_article_presmatic														
ロレックス	サブマリーナとシーマスター、ダイバーズ二大巨頭の違い	サブマリーナ シーマスター 比較	465_article_sub_vs_seamaster						TRUE					X_465_x_sub_vs_seamaster			
ロレックス	デイトナとスピードマスター、二大クロノグラフを並べてみる	デイトナ スピードマスター	477_article_daytona_vs_speedmaster						TRUE					X_477_x_daytona_vs_speedmaster			
ロレックス	デイトナとスピードマスター、二大クロノグラフを並べてみる	デイトナ スピードマスター	468_article_daytona_vs_speedmaster						TRUE					X_468_x_daytona_vs_speedmaster			
ロレックス	デイトジャストとエクスプローラー、シーンで選ぶならどっち	デイトジャスト エクスプローラー 違い	464_article_dj_vs_explorer						TRUE					X_464_x_dj_vs_explorer			
その他	オーデマピゲの価格に込められた、雲上ブランドの哲学	オーデマピゲ 価格	509_article_ap_price						TRUE					X_509_x_ap_price			
その他	パテックフィリップ、最高峰の値段の理由	パテックフィリップ 価値	510_article_patek_value						TRUE					X_510_x_patek_value			
その他	ハミルトンというブランドが歩んできた道	ハミルトン 時計	518_article_hamilton_intro						TRUE					X_518_x_hamilton_intro			
その他	ティソを初めて選ぶ前に、知っておきたい老舗の系譜	ティソ 時計	519_article_tissot_intro						TRUE					X_519_x_tissot_intro			
ロレックス	ロレックス Cal.3000、変革期のキャリバーを読み解く	ロレックス Cal.3000	458_article_rolex_cal3000						TRUE					X_458_x_rolex_cal3000			
チューダー	チューダー オイスターロイヤルの中身を見れば、見方が変わるかもしれない	チューダー ロイヤル	496_article_tudor_royal						TRUE					X_496_x_tudor_royal			
カルティエ	カルティエ パシャの裏スケ仕様、ムーブメントを鑑賞するという選択	カルティエ パシャ シースルー	503_article_cartier_pasha_seethrough						TRUE					X_503_x_cartier_pasha_seethrough			
その他	ボーム&メルシエ、知名度の壁を越えた先にあるもの	ボーム&メルシエ 知名度	506_article_baume_mercier_unknown						TRUE					X_506_x_baume_mercier_unknown			
ブライトリング	30代男性のブライトリング、その「重さ」をどう受けとめるか	ブライトリング 30代	505_article_breitling_30s						TRUE					X_505_x_breitling_30s			
IWC	IWC マーク12、軍用思想を継いだパイロットの完成形	IWC Mark XII	535_article_iwc_mk12						TRUE					X_535_x_iwc_mk12			
チューダー	チューダー サブマリーナ Ref.79090、80年代後半〜90年代の到達点	チューダー サブ 79090	501_article_tudor_sub_79090						TRUE					X_501_x_tudor_sub_79090			
カルティエ	カルティエ サントス Ref.0902、ゴドロンブレスのスモールサイズという選択	カルティエ サントス 0902	502_article_cartier_santos_0902						TRUE					X_502_x_cartier_santos_0902			
オリエント	オリエントスター、知る人ぞ知る国産自動巻きの実力	オリエントスター	515_article_orient_star						TRUE					X_515_x_orient_star			
シチズン	シチズン セブンスター、知れば「ダサい」とは言えなくなる時計	シチズン セブンスター	490_article_citizen_seven_star						TRUE					X_490_x_citizen_seven_star			
その他	50代でタグホイヤーを着けるという選択	タグホイヤー 50代	504_article_tagheuer_50s						TRUE					X_504_x_tagheuer_50s			
その他	ハミルトン ベンチュラ、唯一無二の三角形ケースを語る	ハミルトン ベンチュラ	517_article_hamilton_ventura						TRUE					X_517_x_hamilton_ventura			
その他	エルメスの時計、ジュエラーが作る本格時計の真価	エルメス 時計	516_article_hermes_watch						TRUE					X_516_x_hermes_watch			
テーマ	カップルで揃えるヴィンテージ、ペアウォッチという選び方	ペアウォッチ	534_article_pair_watch						TRUE					X_534_x_pair_watch			
テーマ	世界に愛される日本の腕時計ブランド5選｜ヴィンテージで知る国産時計の魅力	国産時計 ブランド	447_article_japanese_brands						TRUE					X_447_x_japanese_brands			
テーマ	クロノグラフはどう進化したのか、その種類と歴史	クロノグラフ 歴史	522_article_chrono_evolution						TRUE					X_522_x_chrono_evolution			
テーマ	結婚記念に選ぶヴィンテージ時計、節目の一本という選択	記念日 時計	533_article_anniversary						TRUE					X_533_x_anniversary			
テーマ	時計の精度を読み解く、日差とクロノメーターの基礎	腕時計 精度	527_article_accuracy						TRUE					X_527_x_accuracy			
テーマ	30代男性のヴィンテージ時計、選ぶときの軸	30代 ヴィンテージ	531_article_30s_vintage_axis						TRUE					X_531_x_30s_vintage_axis			
テーマ	スマホ時代に腕時計を選ぶ意味｜ヴィンテージ時計が持つ、時計にしかない価値	スマホ時代 腕時計	455_article_watch_in_smartphone_era						TRUE					X_455_x_watch_in_smartphone_era			
テーマ	ヴィンテージ時計のサイズ、手首径から見る選び方	ヴィンテージ サイズ	525_article_vintage_size						TRUE					X_525_x_vintage_size			
テーマ	ヴィンテージ時計と防水性、日常使いで知っておきたい現実	腕時計 防水	529_article_waterproof						TRUE					X_529_x_waterproof			
テーマ	生まれ年のヴィンテージ時計｜節目のプレゼントに選びたい一本の選び方	バースイヤーウォッチ	454_article_birth_year_vintage						TRUE					X_454_x_birth_year_vintage			
テーマ	40代の2本目、最初の1本との組み合わせから考える	40代 2本目	532_article_40s_second						TRUE					X_532_x_40s_second			
テーマ	ヴィンテージ時計 裏蓋の刻印ガイド｜リファレンス・シリアル・素材から読み解く5つのポイント	裏蓋 刻印	451_article_caseback_engraving						TRUE					X_451_x_caseback_engraving			
テーマ	GMT機能は、なぜ生まれたのか	GMT 誕生	524_article_gmt_birth						TRUE					X_524_x_gmt_birth			
テーマ	手巻き時計の正しい巻き方｜ヴィンテージを長く使うためのリューズ操作ガイド	手巻き 使い方	452_article_hand_wind_usage						TRUE					X_452_x_hand_wind_usage			
テーマ	時計のバックル、地味なパーツが装着感を左右する	腕時計 バックル	528_article_buckle						TRUE					X_528_x_buckle			
テーマ	ヴィンテージ時計の風防ガイド｜プラスチック・ミネラル・サファイアクリスタルの違い	風防 種類	453_article_crystal_guide						TRUE					X_453_x_crystal_guide			
テーマ	時計のベルト、どれを選ぶかで印象が決まる	ベルト 印象	526_article_belt_impression						TRUE					X_526_x_belt_impression			
テーマ	昇進・昇格の節目に選びたいビジネスマン向けヴィンテージ腕時計5選	ビジネス ヴィンテージ	448_article_business_vintage						TRUE					X_448_x_business_vintage			
テーマ	ダイバーズウォッチは、海から生まれた	ダイバーズウォッチ 歴史	523_article_diver_history						TRUE					X_523_x_diver_history			
テーマ	鑑定書とアーカイブ、その紙が時計の価値を決める理由	アーカイブ	530_article_archive						TRUE					X_530_x_archive			
IWC	IWC Cal.853／Cal.8531、ペラトン式自動巻きの完成形	IWC Cal.853	513_article_iwc_cal853						TRUE					X_513_x_iwc_cal853			
オメガ	スピードマスター プロフェッショナル、ムーンウォッチの完成期 — Cal.861／Cal.1861世代を読み解く	スピードマスター 3570.50	487_article_speedmaster_3570_50						TRUE					X_487_x_speedmaster_3570_50			
オメガ	シーマスター プレ・ボンドの真価	シーマスター 2541.80	486_article_seamaster_2541_80						TRUE					X_486_x_seamaster_2541_80			
ロレックス	エクスプローラーI Ref.114270、6桁世代へつなぐ1本	エクスプローラー 114270	473_article_explorer_114270						TRUE					X_473_x_explorer_114270			
ロレックス	サブマリーナ Ref.14060、デイトを外したノンデイトの素の表情	サブマリーナ 14060	472_article_sub_14060						TRUE					X_472_x_sub_14060			
ロレックス	デイトジャスト Ref.16234、5桁番手の完成形を読み解く	デイトジャスト 16234	474_article_dj_16234						TRUE					X_474_x_dj_16234			
ロレックス	ロレックス GMTマスターII Ref.16710、長く製造された定番GMT	GMTマスター2 16710	471_article_gmt2_16710						TRUE					X_471_x_gmt2_16710			
ロレックス	ヨットマスター Ref.16622 ロレジウム、海と陸を繋ぐスポーツモデル	ヨットマスター 16622	475_article_yachtmaster_16622						TRUE					X_475_x_yachtmaster_16622			
チューダー	チューダー Cal.7734、Monte-Carloの脈動を生んだ手巻きクロノ	チューダー Cal.7734	499_article_cal7734						TRUE					X_499_x_cal7734			
チューダー	チューダー Cal.2671、80〜90年代を支えた小型自動巻きの実力	チューダー Cal.2671	498_article_cal2671						TRUE					X_498_x_cal2671			
ロンジン	ロンジン Cal.291、自動巻きヴィンテージを支えた1台	ロンジン Cal.291	495_article_cal291						TRUE					X_495_x_cal291			
セイコー	セイコー Cal.4520／Cal.4522、ハイビートGSの基礎	セイコー Cal.4520 4522	494_article_cal4520_4522						TRUE					X_494_x_cal4520_4522			
オメガ	オメガ Cal.500番台、1950年代の自動巻き革命	オメガ Cal.500	485_article_cal500s						TRUE					X_485_x_cal500s			
オメガ	オメガ Cal.30T2、戦前から続く堅牢手巻きの系譜	オメガ Cal.30T2	484_article_cal30t2						TRUE					X_484_x_cal30t2			
ロレックス	ロレックス Cal.1560、デイトジャスト初期を支えた自動巻き	ロレックス Cal.1560	470_article_cal1560						TRUE					X_470_x_cal1560			
