投稿日	曜日	枠	優先度	番号	ブランド	タイトル	狙いKW表示回数
2026/04/09	木	1	S	442	セイコー	グランドセイコーはやめとけ？いや、ヴィンテージなら話が違う	13465
2026/04/09	木	2	S	441	その他	タグホイヤーは恥ずかしい？30代・40代が選ぶ理由を考える	6373
2026/04/09	木	3	S	414	テーマ	ミリタリーウォッチを普段使いするなら？ヴィンテージの選び方	6296
2026/04/09	木	4	A	445	チューダー	チューダー ヴィンテージ 人気モデル	2157
2026/04/10	金	1	S	438	その他	ハミルトンの腕時計は恥ずかしい？いや、歴史を知れば印象が変わる	5512
2026/04/10	金	2	A	412	セイコー	キングセイコーはやめとけ？いや、むしろ今だから選びたい理由	3611
2026/04/10	金	3	A	444	カルティエ	カルティエ ヴィンテージ 人気モデル	1998
2026/04/10	金	4	A	443	テーマ	機械式時計はやめとけ？向いている人・向いていない人の違い	1592
2026/04/13	月	1	S	439	その他	ティソの時計は恥ずかしい？スイス時計の実力を知れば評価が変わる	4316
2026/04/13	月	2	A	413	ロレックス	ロレックスをつけてる男はダサい？実際のところを考える	1346
2026/04/13	月	3	A	417	オメガ	オメガのアンティークはなぜ安い？安さの理由と、だからこそ狙い目な理由	805
2026/04/13	月	4	B	435	セイコー	グランドセイコーの人気モデルは？ヴィンテージから選ぶなら	500
2026/04/14	火	1	B	420	ロレックス	ロレックスの安いモデルは？ヴィンテージなら手が届く選択肢がある	500
2026/04/14	火	2	B	419	カルティエ	カルティエ タンクのヴィンテージ、なぜ今選ばれるのか	400
2026/04/14	火	3	B	423	オメガ	オメガ コンステレーション歴代モデル、どの世代を選ぶ？	400
2026/04/14	火	4	B	440	その他	ボーム&メルシエはなぜ安い？知名度と実力のギャップを考える	316
2026/04/15	水	1	B	421	ロレックス	ロレックスのボーイズサイズとは？34-36mmの選び方と魅力	500
2026/04/15	水	2	B	422	カルティエ	カルティエの時計、女性が選ぶならどれ？ヴィンテージという選択肢	400
2026/04/15	水	3	B	436	オメガ	オメガ スピードマスターの安いモデルは？ヴィンテージなら手が届く	400
2026/04/15	水	4	B	415	ブライトリング	ブライトリングをつけてる人のイメージは？30代・40代の選択	300
2026/04/16	木	1	B	418	ロレックス	ロレックス チェリーニは本当に人気がないのか？知る人ぞ知るドレスウォッチの実力	400
2026/04/16	木	2	B	428	カルティエ	カルティエの時計、男性が選ぶならどれ？ヴィンテージという選択肢	400
2026/04/16	木	3	B	416	セイコー	セイコーのアンティーク、最初の1本はこれ。おすすめ	250
2026/04/16	木	4	C	426	テーマ	アンティーク時計の魅力とは？「古い時計」の楽しみ方	200
2026/04/17	金	1	B	424	ロレックス	ヴィンテージロレックスで失敗しないために。買う前に知っておくべきこと	400
2026/04/17	金	2	B	425	カルティエ	カルティエのヴィンテージ時計、オーバーホールで知っておくべきこと	400
2026/04/17	金	3	C	427	テーマ	ヴィンテージウォッチとは？アンティークとの違い、その定義と楽しみ方	200
2026/04/17	金	4	Z1	158	セイコー	グランドセイコー 44GS・45GS 解説	4882
2026/04/20	月	1	C	429	テーマ	腕時計のベゼルとは？種類と役割をわかりやすく解説	200
2026/04/20	月	2	Z1	57	ロレックス	ロレックス デイトジャスト Ref.1601・1603 解説	54708
2026/04/20	月	3	Z1	138	セイコー	セイコー ロードマーベル Cal.別解説	2884
2026/04/20	月	4	Z1	224	オメガ	1950年代オメガの名作まとめ	988
2026/04/21	火	1	C	430	テーマ	腕時計のラグとは？ラグ幅の測り方と選び方	200
2026/04/21	火	2	Z1	120	セイコー	ヴィンテージ グランドセイコーの魅力と選び方	2115
2026/04/21	火	3	Z1	367	ロレックス	ロレックス エアキング Ref.5500 Cal.1520 ヴィンテージ解説	1342
2026/04/21	火	4	C	431	テーマ	腕時計のインデックスとは？種類と読み方	200
2026/04/22	水	1	C	432	テーマ	腕時計のダイヤル（文字盤）とは？素材と仕上げの種類	200
2026/04/22	水	2	Z1	157	セイコー	グランドセイコー 初代（Cal.3180）1960年〜 解説	1751
2026/04/22	水	3	C	433	テーマ	腕時計のケースとは？素材・形状・サイズの基礎知識	200
2026/04/22	水	4	C	434	テーマ	腕時計のムーブメントとは？手巻き・自動巻き・クォーツの違い	200
2026/04/23	木	1	Z1	285	テーマ	ヴィンテージ時計の防水構造：スクリューバック vs プッシュバック	2025
2026/04/23	木	2	Z1	346	セイコー	セイコー ファースト（初代クロノグラフ）Cal.6138A・6139 解説	1230
2026/04/23	木	3	Z1	159	セイコー	グランドセイコー 56GS Cal.5641・5645・5646 中期型ガイド	1007
