優先度	番号	ブランド	タイトル	狙いKW	表示回数
S	442	セイコー	グランドセイコーはやめとけ？いや、ヴィンテージなら話が違う	グランドセイコー やめとけ	13465
S	441	その他	タグホイヤーは恥ずかしい？30代・40代が選ぶ理由を考える	タグホイヤー 恥ずかしい/買ってはいけない	6373
S	414	テーマ記事	ミリタリーウォッチを普段使いするなら？ヴィンテージの選び方	ミリタリーウォッチ	6296
S	438	その他	ハミルトンの腕時計は恥ずかしい？いや、歴史を知れば印象が変わる	ハミルトン 恥ずかしい	5512
S	439	その他	ティソの時計は恥ずかしい？スイス時計の実力を知れば評価が変わる	ティソ 恥ずかしい	4316
A	412	セイコー	キングセイコーはやめとけ？いや、むしろ今だから選びたい理由	キングセイコー やめとけ	3611
A	445	チューダー	チューダー ヴィンテージ 人気モデル	チューダー 時計	2157
A	444	カルティエ	カルティエ ヴィンテージ 人気モデル	カルティエ ヴィンテージ 時計	1998
A	443	テーマ記事	機械式時計はやめとけ？向いている人・向いていない人の違い	機械式時計 やめとけ	1592
A	413	ロレックス	ロレックスをつけてる男はダサい？実際のところを考える	ロレックス ダサい	1346
A	417	オメガ	オメガのアンティークはなぜ安い？安さの理由と、だからこそ狙い目な理由	オメガ なぜ安い	805
B	420	ロレックス	ロレックスの安いモデルは？ヴィンテージなら手が届く選択肢がある	ロレックス 安い	500
B	421	ロレックス	ロレックスのボーイズサイズとは？34-36mmの選び方と魅力	ロレックス ボーイズサイズ	500
B	435	セイコー	グランドセイコーの人気モデルは？ヴィンテージから選ぶなら	グランドセイコー 人気モデル	500
B	418	ロレックス	ロレックス チェリーニは本当に人気がないのか？知る人ぞ知るドレスウォッチの実力	ロレックス チェリーニ	400
B	419	カルティエ	カルティエ タンクのヴィンテージ、なぜ今選ばれるのか	カルティエ タンク ヴィンテージ	400
B	422	カルティエ	カルティエの時計、女性が選ぶならどれ？ヴィンテージという選択肢	カルティエ 時計 女性	400
B	423	オメガ	オメガ コンステレーション歴代モデル、どの世代を選ぶ？	オメガ コンステレーション 歴代	400
B	424	ロレックス	ヴィンテージロレックスで失敗しないために。買う前に知っておくべきこと	ヴィンテージロレックス 注意点	400
B	425	カルティエ	カルティエのヴィンテージ時計、オーバーホールで知っておくべきこと	カルティエ ヴィンテージ オーバーホール	400
B	428	カルティエ	カルティエの時計、男性が選ぶならどれ？ヴィンテージという選択肢	カルティエ 時計 男性	400
B	436	オメガ	オメガ スピードマスターの安いモデルは？ヴィンテージなら手が届く	スピードマスター 安い	400
B	440	その他	ボーム&メルシエはなぜ安い？知名度と実力のギャップを考える	ボーム&メルシエ なぜ安い	316
B	415	ブライトリング	ブライトリングをつけてる人のイメージは？30代・40代の選択	ブライトリング イメージ	300
B	416	セイコー	セイコーのアンティーク、最初の1本はこれ。おすすめ	セイコー アンティーク おすすめ	250
C	426	テーマ記事	アンティーク時計の魅力とは？「古い時計」の楽しみ方	アンティーク時計 魅力	200
C	427	テーマ記事	ヴィンテージウォッチとは？アンティークとの違い、その定義と楽しみ方	ヴィンテージウォッチとは	200
C	429	テーマ記事	腕時計のベゼルとは？種類と役割をわかりやすく解説	腕時計 ベゼル	200
C	430	テーマ記事	腕時計のラグとは？ラグ幅の測り方と選び方	腕時計 ラグ	200
C	431	テーマ記事	腕時計のインデックスとは？種類と読み方	腕時計 インデックス	200
C	432	テーマ記事	腕時計のダイヤル（文字盤）とは？素材と仕上げの種類	腕時計 ダイヤル	200
C	433	テーマ記事	腕時計のケースとは？素材・形状・サイズの基礎知識	腕時計 ケース	200
C	434	テーマ記事	腕時計のムーブメントとは？手巻き・自動巻き・クォーツの違い	腕時計 ムーブメント	200
	1	ロンジン	ロンジン コンクエスト ヴィンテージ		
	2	ロンジン	ロンジン フラッグシップ Cal.30L・341 解説		
	3	ロンジン	ロンジン ウルトラクロンとは？		
	6	ロンジン	ロンジン Cal.30L・30Z 手巻きムーブメント ヴィンテージ解説		
	7	ロンジン	ロンジン ウィームス・リンドバーグ 解説		
	8	ロンジン	ロンジン ヴィンテージ キャリバー一覧		
	11	ロンジン	ロンジン アドミラル Cal.505/506 1960年代自動巻きスポーツモデル		
	12	ロンジン	ロンジン ダイバーズウォッチ 1960-70年代ヴィンテージ		
	13	ロンジン	ロンジン ゴールドケース 1950-60年代ドレスウォッチ		
	14	ロレックス	ロレックス サブマリーナ Ref.5512・5513の違いと年代別見分け方		
	16	ロレックス	ロレックス サブマリーナ Ref.1680 赤サブ・白サブ 解説		
	22	ロレックス	ヴィンテージ ロレックス デイトジャスト 解説		
	33	ロレックス	ロレックス デイデイト解説		
	35	ロレックス	ロレックス バブルバック解説		
	39	ロレックス	ロレックス Cal.1570解説		
	52	ロレックス	ロレックス トロピカルダイヤルとは		
	54	ロレックス	ロレックス スピードキング解説		
	55	ロレックス	1940〜50年代ロレックスの世界		
	56	ロレックス	オイスターデイト vs オイスターパーペチュアルデイト		
	57	ロレックス	ロレックス デイトジャスト Ref.1601・1603 解説		
	58	ロレックス	ロレックス GMTマスター Ref.1675 ペプシ・コーク解説		
	59	ロレックス	ロレックス サブマリーナ Ref.6204・6536・6538 初期型解説		
	60	ロレックス	ロレックス エクスプローラー Ref.1016 解説 ― Cal.1560・1570とダイヤルバリエーションの変遷		
	61	ロレックス	ロレックス サブマリーナ Cal.1530・1520・1570の違い		
	62	ロレックス	ロレックス GMTマスター Ref.6542 -- 初代GMTマスターとベークライトベゼルの真実		
	63	ロレックス	ロレックス エクスプローラー I 初代Ref.6098・6150・6350 ― エベレストとともに生まれた「冒険家の時計」の原点		
	64	ブライトリング	ブライトリング ナビタイマー Ref.806 解説		
	65	ロレックス	ロレックス デイトジャスト Ref.1600系 文字盤バリエーション解説		
	66	ブライトリング	ブライトリング コスモノート Ref.809 解説		
	67	ロレックス	ロレックス Cal.1030の特徴とオーバーホール		
	68	ブライトリング	ブライトリング 初代クロノマット		
	69	ブライトリング	ブライトリング トップタイム Ref.810 1960年代クロノグラフ		
	70	ロレックス	ロレックス vs チューダー ヴィンテージ比較		
	71	ロレックス	ロレックス トロピカルダイヤル 各モデル実例集		
	72	ロレックス	ロレックス アンティーク（〜1960年代）の魅力と選び方		
	87	テーマ記事	手元のヴィンテージ時計、オーバーホールはいつすべき？		
	88	テーマ記事	手元の時計の文字盤はオリジナル？リダン？——その違いが分かると時計の見方が変わる		
	100	テーマ記事	ハイビート（10振動）ムーブメントの魅力		
	101	テーマ記事	ヴィンテージ時計の「状態」表現を読み解く——「保管傷」「年代を考慮すると」の意味		
	102	テーマ記事	トロピカルダイヤルとは？ヴィンテージ時計の経年変化が生む唯一無二の魅力		
	104	チューダー	チューダー イカサブ（スノーフレーク）解説		
	109	チューダー	チューダー 薔薇サブ解説		
	114	チューダー	チューダー モデル別Cal一覧 1950〜80年代		
	118	チューダー	チューダー オイスターローヤル／プリンスオイスターデイト		
	119	その他	オーデマピゲは女性に似合う？選び方・代表モデル・サイズ感を専門家が解説		
	120	セイコー	ヴィンテージ グランドセイコーの魅力と選び方		
	130	セイコー	ヴィンテージ キングセイコー 全モデル解説		
	138	セイコー	セイコー ロードマーベル Cal.別解説		
	139	セイコー	セイコー ロードマチック全モデル解説		
	145	セイコー	セイコー 5スポーツ スピードタイマー解説		
	150	セイコー	セイコーマチック全解説		
	151	セイコー	セイコー懐中時計・鉄道時計の歴史		
	152	セイコー	セイコー シルバーウェーブの魅力		
	153	セイコー	セイコー スカイライナーとワールドタイム		
	154	セイコー	セイコー手巻きクロノグラフの世界		
	155	セイコー	セイコー ダイバーズ 2ndモデル（植村ダイバー）解説		
	156	セイコー	セイコー ダイバーズ 3rdモデル解説		
	157	セイコー	グランドセイコー 初代（Cal.3180）1960年〜 解説		
	158	セイコー	グランドセイコー 44GS・45GS 解説		
	159	セイコー	グランドセイコー 56GS Cal.5641・5645・5646 中期型ガイド		
	160	セイコー	キングセイコー 初代から44KSまで		
	161	ジャガー・ルクルト	ジャガー・ルクルト Cal.K1071・K1072 解説		
	162	セイコー	グランドセイコー GSスペシャル Ref.6156-8010・6156-8000 Cal.6156A 解説		
	163	セイコー	キングセイコー 45KS Cal.4502・4500 解説		
	164	セイコー	キングセイコー 56KS Cal.5626A/5625A ヴィンテージ解説		
	165	セイコー	キングセイコー vs グランドセイコー 比較		
	166	ジャガー・ルクルト	ジャガー・ルクルト「マニュファクチュール」の実力		
	167	ジャガー・ルクルト	ジャガー・ルクルト ヴィンテージ キャリバー一覧		
	168	ジャガー・ルクルト	ジャガー・ルクルト ヴィンテージ入門		
	169	ジャガー・ルクルト	ジャガー・ルクルト ダーティダース		
	170	ジャガー・ルクルト	ジャガー・ルクルト ジオフィジック E558		
	172	ジャガー・ルクルト	ジャガー・ルクルト レベルソ ヴィンテージ		
	173	ジャガー・ルクルト	ジャガー・ルクルト フューチャマチック Cal.817		
	174	ジャガー・ルクルト	ジャガー・ルクルト ゴールドケース 1950年代ドレスウォッチ		
	175	シチズン	シチズン クロノマスター解説		
	176	シチズン	シチズン ホーマー・国鉄時計の世界		
	177	シチズン	シチズン アラームウォッチの魅力		
	178	シチズン	シチズン クリスタルセブン・レオパード解説		
	179	シチズン	シチズン エース・ジェットの世界		
	180	カルティエ	カルティエ マストタンク解説		
	181	カルティエ	カルティエ タンク（ルイカルティエ）ヴィンテージ解説		
	182	カルティエ	カルティエ サントス オクタゴン解説		
	185	カルティエ	カルティエとCal.78-1		
	189	カルティエ	カルティエ ヴィンテージ時計とは？代表モデルと選び方		
	190	カルティエ	カルティエ ヴィンテージのダイヤルバリエーション解説		
	192	カルティエ	カルティエ サントス ガルベ 1990年代自動巻きモデル解説		
	193	カルティエ	カルティエ パンテール 1980年代ラグジュアリースポーツ解説		
	194	カルティエ	カルティエ クーガー ラウンドケース 1990年代ヴィンテージ		
	195	オリエント	ロイヤルオリエントとは？		
	196	オリエント	オリエント ヴィンテージダイバー解説		
	198	オメガ	オメガ Cal.321の伝説		
	204	オメガ	オメガ スピードマスター マークII・125		
	208	オメガ	ヴィンテージ オメガ コンステレーション		
	215	オメガ	オメガ 30mmキャリバーの世界		
	216	オメガ	オメガ Cal.564・Cal.565の魅力		
	224	オメガ	1950年代オメガの名作まとめ		
	226	オメガ	オメガ レイルマスター CK2914 1950年代耐磁時計解説		
	227	オメガ	オメガ ダイナミックとは？		
	228	オメガ	オメガ フライトマスター Cal.910/911 パイロットウォッチ解説		
	229	オメガ	オメガ クロノストップ Cal.865/920 1960年代解説		
	230	オメガ	オメガ シーマスター メモマチック Cal.980 アラーム付きダイバー		
	231	オメガ	オメガ シーマスター プレボンド		
	232	オメガ	オメガ スピードマスター 初期4世代の変遷		
	233	オメガ	オメガ スピードマスター 4thモデル ST145.012 解説		
	234	オメガ	オメガ シーマスター 300		
	235	オメガ	オメガ コンステレーション パイケース（12角）解説		
	236	オメガ	オメガ スピードマスター ブロードアローとは？初代ハンドの特徴と変遷		
	237	オメガ	オメガ デ・ヴィル解説		
	238	オメガ	オメガ コンステレーション Cライン解説		
	239	オメガ	オメガ コンステレーション クロノメーターの証「天文台」マーク		
	240	オメガ	オメガ スピードマスター ヴィンテージブレスレットの種類と年代		
	241	オメガ	オメガ シーマスター ダイバーズ エスケープバルブ付きとなしの違い		
	242	IWC	IWC ペラトン式自動巻きとは？		
	244	IWC	IWC 18金無垢モデルの魅力		
	245	IWC	IWC ラウンドケース 1960-70年代		
	246	IWC	IWC Cal.89 搭載モデル解説		
	247	IWC	IWC ダ・ヴィンチ Ref.3728 1980年代クロノグラフ解説		
	248	IWC	IWC オーシャン2000 Ref.3500 チタンダイバーズウォッチ解説		
	250	IWC	IWC アクアタイマー Ref.812AD 1960年代ダイバーズ解説		
	251	テーマ記事	コラムホイール式クロノグラフとは？カム式との違い		
	252	テーマ記事	ギルトダイヤル（金色文字盤）とは？1960〜70年代ヴィンテージの特徴		
	253	テーマ記事	マットダイヤルとグロスダイヤル 年代別変化まとめ		
	254	テーマ記事	ヴィンテージ時計の夜光塗料 ラジウム・トリチウム・ルミノバ変遷		
	255	テーマ記事	ヴィンテージ時計 真贋チェック 初心者が見るべき7か所		
	256	テーマ記事	ヴィンテージ時計 保管・日常メンテナンス解説		
	257	セイコー	セイコー ベルマチック Cal.4006A アラーム付き自動巻き解説		
	258	テーマ記事	ヴィンテージ時計 初心者が犯しがちな5つの失敗		
	259	テーマ記事	ヴィンテージ時計 コレクションの始め方		
	260	ロレックス	ロレックス サブマリーナ ノンデイトとデイト付きの違い		
	261	ロレックス	ロレックス サブマリーナ ブレスレット 1960〜70年代の見分け方		
	262	ロレックス	ロレックス サブマリーナ 文字盤バリエーション総まとめ		
	263	ロレックス	ロレックス サブマリーナ 14060・114060 ノンデイト解説		
	264	オメガ	オメガ スピードマスター トロピカルダイヤル 実例と価値		
	265	オメガ	オメガ スピードマスター Cal.1040・1045 自動巻きクロノグラフの系譜		
	266	ロレックス	ロレックス デイトジャスト Cal.1570・3035・3135の違い		
	267	ロレックス	ロレックス サービスダイヤルとオリジナルダイヤルの違い		
	268	ロレックス	ロレックス ブレスレット番号・エンドリンクの年代判定		
	270	セイコー	グランドセイコー Cal.番号 年代対応表 1960〜1980年代		
	271	セイコー	グランドセイコー 初期〜後期 文字盤バリエーション総まとめ		
	272	セイコー	セイコー 5アクタス Cal.6119・7019系 1970年代		
	273	ロレックス	ロレックス オイスターケースとは？防水構造の仕組みと搭載モデル解説		
	274	テーマ記事	マイクロローターとは？ポールルーター・パテックの小型自動巻き		
	275	テーマ記事	ETA vs レマニア vs バルジュー ヴィンテージクロノグラフCal比較		
	276	テーマ記事	ヴィンテージ時計 パワーリザーブの歴史とCal一覧		
	277	テーマ記事	ヴィンテージ時計のラグ形状 ストレート・ツイスト・バナナの特徴		
	278	テーマ記事	ヴィンテージ時計のブレスレット 年代別一覧（1950〜80年代）		
	279	セイコー	キングセイコー プロダクション 1961〜1975 全モデル概覧		
	280	ロレックス	ロレックス デイトジャスト 36mm vs 41mm どちらを選ぶか		
	281	ロレックス	ロレックス デイトジャスト フルーテッドベゼル vs スムースベゼル		
	282	テーマ記事	ヴィンテージ時計の石数（宝石）とは？17石・21石の意味		
	283	テーマ記事	ヴィンテージ時計のデフレクタ（偏心カム）カレンダー機構解説		
	284	テーマ記事	ヴィンテージ時計のハックセコンド（秒停止）とは		
	285	テーマ記事	ヴィンテージ時計の防水構造：スクリューバック vs プッシュバック		
	286	テーマ記事	ヴィンテージ時計 デュアルタイム（GMT）機構の歴史		
	287	テーマ記事	ヴィンテージ時計のケース素材 SS・GF・金無垢 解説		
	288	テーマ記事	ヴィンテージ時計のベゼル素材と種類 アルミ・サファイア・セラミック解説		
	289	ロレックス	ロレックス デイトジャスト ジュビリーブレスvsオイスターブレス		
	290	ロレックス	ロレックス ジュビリーブレスの歴史と年代別見分け方		
	291	ロレックス	ロレックス ミルガウス Ref.6541・1019 解説		
	293	セイコー	グランドセイコー セイコースタイルとは？デザイン変革の歴史		
	294	セイコー	グランドセイコー ヴィンテージ ブレスレット・ケース年代判定		
	295	セイコー	キングセイコー ケーシング別（SS/GF）比較と見分け方		
	296	セイコー	キングセイコー 亀戸精工舎とは		
	297	セイコー	キングセイコー クロノグラフ Ref.5718 解説		
	298	ロレックス	ロレックス サンダーバード解説		
	299	オメガ	オメガ シーマスター コスミック 1960年代 スクエアケース解説		
	300	オメガ	オメガ コンステレーション トロピカルダイヤル		
	301	オメガ	オメガ シーマスター 1956年製 第1世代		
	302	オメガ	オメガ Cal.268・Cal.265 手巻きムーブメント解説		
	303	オメガ	オメガ ヴィンテージ 1950〜70年代 キャリバー一覧表		
	304	オメガ	オメガ ヴィンテージ入門		
	305	オメガ	オメガ シーマスター ヴィンテージ 1960年代解説：アクアテラの源流		
	306	オメガ	オメガ Cal.1012・1022系 自動巻き 1970年代解説		
	308	オメガ	オメガ「ジュネーブ」とジュネーブシールの違いを解説		
	309	オメガ	オメガ アンティーク 1940〜50年代の魅力		
	310	チューダー	チューダー サブマリーナ Ref.7928・7016		
	311	チューダー	チューダー vs ロレックス サブマリーナ ヴィンテージ比較		
	312	チューダー	チューダー ホームプレートロゴ vs バラロゴ		
	313	チューダー	チューダー クロノグラフ Ref.7031・7032 Monte-Carlo 解説		
	314	チューダー	チューダー オイスター Ref.7984 Cal.1156 解説		
	315	チューダー	チューダー オイスタープリンス Cal.2284・2291 1960〜70年代解説		
	316	チューダー	チューダーの時計とは？ヴィンテージの選び方とおすすめモデル		
	317	チューダー	チューダー トロピカルダイヤル		
	318	IWC	IWC ポルトギーゼ ヴィンテージ		
	319	IWC	IWC マーク11（Mk.XI）英国軍用時計 解説		
	320	IWC	IWC インヂュニア Ref.866 Cal.854		
	321	オメガ	オメガ シームレスブレスレット 年代別見分け方解説		
	322	オメガ	オメガ vs ロンジン ヴィンテージ同時代比較		
	323	オメガ	オメガ スクエアケース ヴィンテージ まとめ		
	324	チューダー	チューダー オイスターデイト Ref.7966 Cal.2462・Cal.2484 解説		
	325	チューダー	チューダー プリンスオイスターデイト スクエアケース 1960〜70年代解説		
	326	チューダー	チューダー スポーツプリンス Cal.2484 1970年代の特徴と変遷		
	327	チューダー	チューダー ビゲ（Bigee）ケース 1950年代アンティーク		
	328	IWC	IWC パイロットウォッチの系譜 — Mark XI・Mark XII・Mark XV		
	329	IWC	IWC ポルトフィーノ 初代モデル解説 ── 1980年代に生まれたドレスウォッチの原点		
	330	IWC	IWC スピットファイア — Cal.88手巻きとCal.884自動巻きが結ぶパイロットウォッチの系譜		
	331	IWC	IWC ヴィンテージ Cal一覧 1950〜80年代 ─ 年代別・系統別に整理		
	332	IWC	IWC ヴィンテージ入門		
	333	ロンジン	ロンジン レジェンドダイバー 1967年製 ヴィンテージ		
	334	ロンジン	ロンジンの時計とは？ヴィンテージの魅力と代表モデル		
	335	テーマ記事	ロレックス・オメガ・グランドセイコー 1960年代三つ巴比較		
	336	セイコー	セイコー ジョイントポイント Cal.5246・6246 スポーツライン		
	337	セイコー	セイコー アルピニスト ヴィンテージ 1960年代 解説		
	338	ジャガー・ルクルト	ジャガー・ルクルト ディープシー ヴィンテージ解説		
	339	ジャガー・ルクルト	ジャガー・ルクルト パワーリザーブ付きモデル		
	340	ジャガー・ルクルト	ジャガー・ルクルト Cal.478・480系 手巻きキャリバー解説		
	341	ジャガー・ルクルト	ジャガー・ルクルト マスタービュームウォッチとバンパー式自動巻き		
	342	ユニバーサル・ジュネーブ	ユニバーサル・ジュネーブ トリ・コンパックス ― トリプルカレンダー＋クロノグラフが一体化した複雑機構の名作		
	343	ユニバーサル・ジュネーブ	ユニバーサル・ジュネーブ コンパックス Cal.287 解説		
	344	テーマ記事	パイロットウォッチ比較：IWC・ブライトリング・ユニバーサル・ジュネーブ		
	345	テーマ記事	1970年代クォーツショック時代のヴィンテージ機械式の魅力		
	346	セイコー	セイコー ファースト（初代クロノグラフ）Cal.6138A・6139 解説		
	347	セイコー	セイコー ヴィンテージ 1960〜70年代 Cal.番号一覧表		
	348	テーマ記事	スクエアケース ヴィンテージ比較：カルティエ・オメガ・セイコー		
	349	テーマ記事	軍用（ミリタリー）時計 IWC・ロレックス・チューダー実例比較		
	350	カルティエ	カルティエ パシャ・ドゥ・カルティエ 初代解説		
	351	カルティエ	カルティエ ヴィンテージ ムーブメント ETA搭載の歴史		
	352	ユニバーサル・ジュネーブ	ユニバーサル・ジュネーブ ユニマチック Cal.215 解説		
	353	ユニバーサル・ジュネーブ	ユニバーサル・ジュネーブ ヴィンテージ Cal一覧		
	354	ロレックス	ロレックス デイトジャスト Ref.16014・16234 ホワイトゴールドベゼル解説		
	355	ロレックス	ロレックス ヴィンテージ SS vs ゴールド どちらを選ぶか		
	356	ロンジン	ロンジン ウイットナー Cal.30L スモールセコンド解説		
	357	ロンジン	ロンジン ヴィンテージ vs グランドセイコー 精度比較		
	358	ブライトリング	ブライトリング ヴィンテージ スライドルールの使い方		
	359	カルティエ	カルティエ ヴィンテージ ゴールドケースの種類と価値		
	360	セイコー	セイコー ビジネスウォッチ Cal.2220 薄型手巻き解説 シャリオ（Chariot）1970年代		
	361	テーマ記事	ヴィンテージ時計 買取価値を下げない保管術		
	362	ロレックス	ロレックス ヴィンテージの箱・保証書 コレクション術		
	363	カルティエ	カルティエ ロンド（サントス ロンド）ヴィンテージ解説		
	364	カルティエ	カルティエ バロン・ブルー初代 解説		
	365	セイコー	セイコー セルフデーター スクエアケース解説		
	366	セイコー	セイコー vs グランドセイコー ヴィンテージ入門対決		
	367	ロレックス	ロレックス エアキング Ref.5500 Cal.1520 ヴィンテージ解説		
	368	ロレックス	ロレックス シグマダイヤル（Σ表記）とは？文字盤の年代判定		
	375	オメガ	オメガ Cal.330系バンパー式自動巻き 1940-50年代解説		
	392	ユニバーサル・ジュネーブ	ユニバーサル・ジュネーブ ポールルーター		
	393	ロレックス	ロレックス オイスターパーペチュアル Ref.1002・オイスターデイト Ref.6694 解説		
	394	ブライトリング	ブライトリング ナビタイマー Cal.Venus178 vs Cal.11 ムーブメント比較		
	395	ロレックス	ロレックス プリンス		
	396	ロレックス	ロレックス ヴィンテージ入門		
	397	ジャガー・ルクルト	ジャガー・ルクルト マスターマリーナ		
	398	ジャガー・ルクルト	ジャガー・ルクルト メモボックス（Memovox）		
	399	セイコー	グランドセイコー 61GS Cal.6145・6146 ハイビート自動巻きの始まり		
	400	ジャガー・ルクルト	ルクルト（JLC）トリプルカレンダー		
	401	ヴァシュロン・コンスタンタン	ヴァシュロン・コンスタンタン 222とは？		
	402	ヴァシュロン・コンスタンタン	ヴァシュロンコンスタンタンとは？ヴィンテージの魅力と代表モデル		
	403	IWC	IWC ヨットクラブ Cal.8541B		
	404	オメガ	オメガ シーマスター ダイバーズの系譜		
	405	テーマ記事	バンパー式自動巻きとは？振るとコツンという機構の仕組み		
	406	IWC	IWC ポートフィノ vs ポルトギーゼ ヴィンテージ比較		
	407	テーマ記事	ヴィンテージ時計 予算帯別おすすめモデル解説		
	408	セイコー	セイコー プレスマチック Cal.5106/5146 ハイビート薄型自動巻き解説		
